Team,Games,Win-Loss,Off Rank,Off Plays,Off Yards,Off Yards/Play,Off TDs,Off Yards per Game,Def Rank,Def Plays,Yards Allowed,Yards/Play Allowed,Off TDs Allowed,Total TDs Allowed,Yards Per Game Allowed,First Down Rank,First Down Runs,First Down Passes,First Down Penalties,First Downs,First Down Def Rank,Opp First Down Runs,Opp First Down Passes,Opp First Down Penalties,Opp First Downs,4th Down Rank,4th Attempts,4th Conversions,4th Percent,4rd Down Def Rank,Opp 4th Conversion,Opp 4th Attempt,Opponent 4th Percent,Kickoff Return Def Rank,Opp Kickoff Returns,Kickoff Touchbacks,Opponent Kickoff Return Yards,Opp Kickoff Return Touchdowns Allowed,Avg Yards per Kickoff Return Allowed,Kickoff Return Rank,Kickoffs Returned,Kickoff Return Yards,Kickoff Return Touchdowns,Avg Yard per Kickoff Return,Passing Off Rank,Pass Attempts,Pass Completions,Interceptions Thrown.x,Pass Yards,Pass Yards/Attempt,Yards/Completion,Pass Touchdowns,Pass Yards Per Game,Pass Def Rank,Opp Completions Allowed,Opp Pass Attempts,Opp Pass Yds Allowed,Opp Pass TDs Allowed,Yards/Attempt Allowed,Yards/Completion Allowed,Pass Yards Per Game Allowed,Penalty Rank,Penalties,Penalty Yards,Penalty Yards Per Game,Punt Return Rank,Punt Returns,Net Punt Return Yards,Punt Return Touchdowns,Avg Yards Per Punt Return,Punt Return Def Rank,Opp Punt Returns,Opp Net Punt Return Yards,Opp Punt Return Touchdowns Allowed,Avg Yards Allowed per Punt Return,Redzone Def Rank,Opp Redzone Attempts,Opp Redzone Rush TD Allowed,Opp Redzone Pass Touchdowns Allowed,Opp Redzone Field Goals Made,Opp Redzone Scores,Redzone Points Allowed,Redzone Off Rank,Redzone Attempts,Redzone Rush TD,Redzone Pass TD,Redzone Field Goals Made,Redzone Scores,Redzone Points,Rushing Def Rank,Opp Rush Attempts,Opp Rush Yards Alloweed,Yds/Rush Allowed,Opp Rush Touchdowns Allowed,Rush Yards Per Game Allowed,Rushing Off Rank,Rush Attempts,Rush Yds,Yards/Rush,Rushing TD,Rushing Yards per Game,Sack Rank,Sacks,Sack Yards,Average Sacks per Game,Scoring Def Rank,Touchdowns Allowed,Opponent Extra Points,2 Point Conversions Allowed,Opp Deflected Extra Points,Opp Feild Goals Made,Opp Safety,Points Allowed,Avg Points per Game Allowed,Scoring Off Rank,Touchdowns,PAT,2 Point Conversions,Defensive Points,Feild Goals,Safety,Total Points,Points Per Game,Tackle for Loss Rank,Solo Tackle For Loss,Assist Tackle For Loss,Tackle for Loss Yards,Total Tackle For Loss,Tackle For Loss Per Game,3rd Down Rank,3rd Attempts,3rd Conversions,3rd Percent,Time of Possession Rank,Time of Possession,Average Time of Possession per Game,Turnover Rank,Fumbles Recovered,Opponents Intercepted,Turnovers Gain,Fumbles Lost,Interceptions Thrown.y,Turnovers Lost,Turnover Margin,Avg Turnover Margin per Game
Air Force (Mountain West),13,11-2,51,881,5483,6.22,55,421.8,17,752,4155,5.53,32,34,319.6,45,227,52,7,286,9,77,131,8,216,5,16,21,0.762,44,13,28,0.464,82,36,26,772,0,21.44,129,7,93,0,13.29,125,126,68,6,1602,12.71,23.56,14,123.2,51,238,377,2848,21,7.55,11.97,219.1,2,42,368,28.31,129,5,6,0,1.2,27,7,38,0,5.43,9,43,10,13,8,31,0.721,33,54,39,0,9,48,0.889,7,375,1307,3.49,11,100.5,2,755,3881,5.14,41,298.5,72,26,168,2,20,34,27,0,0,9,0,258,19.8,21,58,52,1,1,13,0,443,34.1,125,37,34,247,54,4.2,2,157,84,0.535,2,448:07,34:28,78,9,7,16,12,6,18,-2,-0.15
Akron (MAC),12,0-12,130,725,2918,4.02,14,243.2,83,871,4967,5.7,51,56,413.9,130,51,91,13,155,58,138,106,17,261,124,7,22,0.318,74,8,15,0.533,1,15,13,223,0,14.87,53,40,859,0,21.48,100,398,205,14,2347,5.9,11.45,12,195.6,29,201,305,2405,23,7.89,11.97,200.4,62,80,626,52.17,117,12,46,0,3.83,31,23,129,0,5.61,77,58,26,15,8,49,0.845,128,26,2,9,7,18,0.692,116,566,2562,4.53,28,213.5,130,327,571,1.75,2,47.6,130,10,61,0.83,122,56,55,1,0,14,0,435,36.3,130,15,13,1,0,7,0,126,10.5,124,37,28,147,51,4.3,130,163,43,0.264,122,317:52,26:29,128,6,5,11,12,14,26,-15,-1.25
Alabama (SEC),13,11-2,6,842,6640,7.89,76,510.8,20,877,4218,4.81,24,26,324.5,15,126,168,24,318,40,95,121,31,247,12,13,19,0.684,11,7,19,0.368,11,27,35,469,0,17.37,55,30,637,1,21.23,3,406,287,6,4449,10.96,15.5,49,342.2,11,230,410,2434,15,5.94,10.58,187.2,114,95,855,65.77,1,22,531,3,24.14,89,11,101,0,9.18,74,32,9,9,9,27,0.844,64,62,22,21,9,52,0.839,37,467,1784,3.82,9,137.2,56,436,2191,5.03,27,168.5,44,32,212,2.46,13,26,22,2,0,20,0,242,18.6,2,83,80,0,0,12,0,614,47.2,61,61,34,317,78,6,3,153,80,0.523,70,389:58,29:59,3,11,17,28,4,6,10,18,1.38
Appalachian St. (Sun Belt),14,13-1,39,969,6064,6.26,65,433.1,26,940,4705,5.01,34,35,336.1,32,151,124,20,295,51,97,133,28,258,1,13,16,0.813,94,15,26,0.577,29,48,29,910,0,18.96,18,23,562,1,24.43,93,370,231,6,2824,7.63,12.23,30,201.7,35,253,455,2894,20,6.36,11.44,206.7,112,95,899,64.21,45,23,220,1,9.57,13,17,62,0,3.65,74,32,9,11,7,27,0.844,14,60,25,22,8,55,0.917,29,485,1811,3.73,14,129.4,16,599,3240,5.41,35,231.4,34,36,242,2.57,21,35,29,1,0,13,0,280,20,9,73,72,0,0,11,0,543,38.8,56,67,38,380,86,6.1,26,200,89,0.445,36,438:26,31:19,7,10,14,24,3,6,9,15,1.07
Arizona (Pac-12),12,4-8,30,873,5281,6.05,42,440.1,120,889,5657,6.36,53,54,471.4,63,111,139,20,270,116,122,145,26,293,19,13,20,0.65,5,6,18,0.333,95,10,48,222,0,22.2,57,34,716,0,21.06,35,422,261,12,3193,7.57,12.23,23,266.1,126,282,430,3478,26,8.09,12.33,289.8,79,76,677,56.42,83,14,89,0,6.36,70,19,152,0,8,118,53,22,11,15,48,0.906,53,35,12,10,8,30,0.857,88,459,2179,4.75,27,181.6,52,451,2088,4.63,19,174,111,17,93,1.42,118,54,52,1,0,17,0,429,35.8,77,42,37,1,0,10,1,323,26.9,120,43,22,175,54,4.5,28,186,82,0.441,115,328:53,27:24,89,4,11,15,6,12,18,-3,-0.25
Arizona St. (Pac-12),13,8-5,94,842,4837,5.74,34,372.1,67,928,5113,5.51,39,39,393.3,100,88,125,20,233,87,94,155,24,273,55,9,16,0.563,80,13,24,0.542,74,37,21,779,0,21.05,7,23,606,0,26.35,53,383,233,4,3235,8.45,13.88,21,248.8,115,296,465,3487,24,7.5,11.78,268.2,108,85,818,62.92,17,19,247,1,13,69,20,154,0,7.7,36,39,14,14,3,31,0.795,16,45,12,8,21,41,0.911,26,463,1626,3.51,15,125.1,115,459,1602,3.49,13,123.2,72,26,168,2,35,39,39,0,0,6,0,291,22.4,96,36,29,4,0,23,0,322,24.8,79,59,30,317,74,5.7,83,187,72,0.385,86,379:57,29:13,6,15,13,28,10,4,14,14,1.08
Arkansas (SEC),12,2-10,111,783,4081,5.21,28,340.1,110,827,5408,6.54,54,57,450.7,113,80,111,28,219,80,121,130,20,271,106,8,20,0.4,88,9,16,0.563,10,14,28,242,0,17.29,105,35,649,0,18.54,103,407,202,15,2315,5.69,11.46,14,192.9,69,227,341,2750,25,8.06,12.11,229.2,14,61,492,41,26,14,161,0,11.5,20,6,27,0,4.5,100,47,20,13,8,41,0.872,114,32,9,8,7,24,0.75,122,486,2658,5.47,29,221.5,85,376,1766,4.7,14,147.2,94,21,120,1.75,124,57,55,0,0,15,0,442,36.8,110,31,29,0,0,14,0,257,21.4,103,45,32,203,61,5.1,113,165,55,0.333,111,333:26,27:47,97,10,6,16,6,15,21,-5,-0.42
Arkansas St. (Sun Belt),13,8-5,33,925,5711,6.17,50,439.3,124,1018,6218,6.11,55,56,478.3,43,96,166,25,287,128,127,157,31,315,51,13,23,0.565,83,20,36,0.556,30,43,10,816,1,18.98,39,43,954,1,22.19,10,469,298,11,4057,8.65,13.61,37,312.1,111,280,461,3417,23,7.41,12.2,262.8,123,99,916,70.46,38,23,228,0,9.91,78,13,112,0,8.62,24,61,25,9,13,47,0.77,33,45,10,17,13,40,0.889,118,557,2801,5.03,32,215.5,112,456,1654,3.63,13,127.2,81,25,154,1.92,114,56,46,3,0,18,1,444,34.2,26,54,53,0,0,19,2,438,33.7,61,62,32,276,78,6,63,193,78,0.404,113,359:33,27:39,86,7,12,19,11,11,22,-3,-0.23
Army West Point (FBS Independent),13,5-8,89,869,4929,5.67,51,379.2,30,789,4450,5.64,37,38,342.3,57,219,38,15,272,27,110,110,14,234,14,26,39,0.667,56,12,24,0.5,73,38,10,799,0,21.03,116,17,286,0,16.82,129,126,59,7,1066,8.46,18.07,6,82,5,203,326,2326,16,7.13,11.46,178.9,8,60,496,38.15,125,14,37,0,2.64,17,9,37,0,4.11,97,38,16,9,8,33,0.868,60,52,38,3,3,44,0.846,73,463,2124,4.59,21,163.4,3,743,3863,5.2,45,297.2,102,21,128,1.62,41,38,34,2,0,11,0,299,23,67,52,44,1,0,4,0,370,28.5,127,35,34,200,52,4,24,168,76,0.452,14,428:07,32:55,70,10,7,17,11,7,18,-1,-0.08
Auburn (SEC),13,9-4,64,947,5285,5.58,51,406.5,28,905,4381,4.84,31,32,337,52,135,123,21,279,42,96,120,33,249,88,7,15,0.467,18,10,25,0.4,96,20,48,446,1,22.3,67,22,451,1,20.5,87,397,229,6,2697,6.79,11.78,20,207.5,47,264,453,2780,21,6.14,10.53,213.8,74,92,718,55.23,18,24,308,0,12.83,130,14,242,0,17.29,8,39,9,12,7,28,0.718,21,52,27,10,10,47,0.904,25,452,1601,3.54,10,123.2,33,550,2588,4.71,31,199.1,64,28,180,2.15,17,32,29,0,0,11,0,254,19.5,28,54,52,1,0,18,0,432,33.2,19,73,42,318,94,7.2,60,190,77,0.405,73,385:10,29:37,27,13,10,23,11,6,17,6,0.46
Ball St. (MAC),12,5-7,16,909,5556,6.11,51,463,91,876,5096,5.82,45,47,424.7,37,129,137,26,292,68,110,135,20,265,71,12,23,0.522,49,10,21,0.476,39,58,9,1129,0,19.47,33,42,948,1,22.57,56,373,239,7,2923,7.84,12.23,24,243.6,95,229,391,2941,11,7.52,12.84,245.1,68,71,636,53,65,14,112,0,8,126,20,303,2,15.15,104,51,30,5,10,45,0.882,65,49,21,10,10,41,0.837,86,485,2155,4.44,34,179.6,22,536,2633,4.91,27,219.4,118,15,95,1.25,94,47,41,3,0,16,0,377,31.4,18,53,49,2,0,15,1,418,34.8,90,46,38,206,65,5.4,50,172,71,0.413,59,363:20,30:16,15,9,15,24,9,7,16,8,0.67
Baylor (Big 12),14,11-3,52,948,5901,6.22,59,421.5,39,1032,5046,4.89,31,32,360.4,19,125,151,32,308,105,114,148,21,283,106,6,15,0.4,94,15,26,0.577,35,37,42,713,1,19.27,84,24,472,0,19.67,44,444,277,8,3571,8.04,12.89,24,255.1,49,292,485,3046,15,6.28,10.43,217.6,77,91,778,55.57,49,15,134,1,8.93,38,10,60,0,6,68,50,12,13,17,42,0.84,24,59,28,11,14,53,0.898,49,547,2000,3.66,16,142.9,61,504,2330,4.62,35,166.4,9,46,255,3.29,19,32,28,0,0,19,0,277,19.8,27,61,57,0,0,16,0,471,33.6,18,74,56,382,102,7.3,45,180,75,0.417,102,396:37,28:19,11,13,17,30,11,8,19,11,0.79
Boise St. (Mountain West),14,12-2,48,993,6006,6.05,58,429,33,928,4848,5.22,39,39,346.3,15,136,159,23,318,51,92,146,20,258,41,10,17,0.588,14,11,29,0.379,66,29,50,602,0,20.76,46,38,826,1,21.74,38,464,287,11,3664,7.9,12.77,31,261.7,77,271,474,3270,20,6.9,12.07,233.6,49,76,695,49.64,20,25,301,2,12.04,37,14,83,0,5.93,51,43,15,11,9,35,0.814,44,57,24,15,11,50,0.877,15,454,1578,3.48,19,112.7,59,529,2342,4.43,27,167.3,20,40,224,2.86,31,39,33,3,0,11,0,306,21.9,19,63,61,1,0,15,0,486,34.7,23,80,36,353,98,7,10,199,95,0.477,37,436:47,31:11,61,9,10,19,8,11,19,0,0
Boston College (ACC),13,6-7,47,964,5579,5.79,47,429.2,125,983,6223,6.33,48,49,478.7,53,172,95,10,277,124,127,166,13,306,61,13,24,0.542,118,15,22,0.682,77,22,31,465,0,21.14,61,47,978,0,20.81,113,305,161,6,2288,7.5,14.21,20,176,122,297,456,3711,29,8.14,12.49,285.5,6,66,486,37.38,50,18,159,0,8.83,29,27,149,0,5.52,118,53,15,16,17,48,0.906,83,48,17,12,10,39,0.813,100,527,2512,4.77,19,193.2,8,659,3291,4.99,27,253.2,110,19,139,1.46,101,49,49,0,0,25,0,418,32.2,66,49,45,1,0,12,0,377,29,11,76,50,305,101,7.8,36,207,89,0.43,110,361:32,27:48,33,7,10,17,6,6,12,5,0.38
Bowling Green (MAC),12,3-9,120,839,3829,4.56,24,319.1,117,798,5606,7.03,60,62,467.2,120,103,88,13,204,51,124,114,20,258,129,7,32,0.219,48,8,17,0.471,52,32,7,642,0,20.06,104,43,799,0,18.58,120,337,189,15,1888,5.6,9.99,9,157.3,64,198,297,2692,24,9.06,13.6,224.3,88,84,710,59.17,103,18,94,0,5.22,54,17,116,0,6.82,71,51,24,10,9,43,0.843,127,36,14,6,5,25,0.694,126,501,2914,5.82,36,242.8,65,502,1941,3.87,15,161.8,72,24,147,2,126,62,61,0,0,10,0,463,38.6,128,25,22,0,0,6,1,192,16,98,48,28,280,62,5.2,116,184,61,0.332,83,351:54,29:19,103,8,7,15,6,15,21,-6,-0.5
Buffalo (MAC),13,8-5,82,937,5051,5.39,50,388.5,7,780,3795,4.87,33,35,291.9,54,173,83,20,276,5,75,105,19,199,22,16,25,0.64,28,14,33,0.424,68,37,28,772,0,20.86,76,9,181,0,20.11,122,278,150,6,1795,6.46,11.97,14,138.1,22,206,352,2571,18,7.3,12.48,197.8,22,64,580,44.62,78,14,94,0,6.71,104,15,165,0,11,5,41,14,6,8,28,0.683,18,55,31,10,9,50,0.909,4,428,1224,2.86,15,94.2,10,659,3256,4.94,36,250.5,8,43,227,3.31,26,35,31,0,0,12,0,277,21.3,46,54,50,0,0,11,1,409,31.5,68,62,30,301,77,5.9,25,194,87,0.448,5,443:39,34:07,19,11,11,22,8,6,14,8,0.62
BYU (FBS Independent),13,7-6,28,933,5769,6.18,45,443.8,68,914,5116,5.6,36,40,393.5,35,107,170,17,294,73,123,127,17,267,118,7,19,0.368,49,10,21,0.476,34,46,18,885,0,19.24,87,22,427,0,19.41,26,468,296,11,3701,7.91,12.5,20,284.7,65,254,399,2938,22,7.36,11.57,226,59,79,668,51.38,14,21,283,0,13.48,108,16,184,1,11.5,37,45,12,14,10,36,0.8,120,60,21,10,13,44,0.733,78,515,2178,4.23,14,167.5,68,465,2068,4.45,25,159.1,117,17,108,1.31,48,40,36,2,0,17,0,331,25.5,67,46,43,0,0,17,0,370,28.5,117,50,22,208,61,4.7,40,186,79,0.425,52,395:05,30:23,57,7,15,22,10,11,21,1,0.08
California (Pac-12),13,8-5,117,841,4271,5.08,35,328.5,65,945,5076,5.37,32,32,390.5,96,104,105,35,244,87,99,159,15,273,115,6,16,0.375,93,16,28,0.571,94,27,24,599,0,22.19,77,22,442,0,20.09,99,365,204,9,2561,7.02,12.55,19,197,112,309,484,3434,16,7.1,11.11,264.2,12,62,528,40.62,31,14,156,0,11.14,72,22,177,0,8.05,68,50,15,12,15,42,0.84,53,35,14,11,5,30,0.857,27,461,1642,3.56,16,126.3,104,476,1710,3.59,16,131.5,21,36,228,2.77,33,32,29,1,1,20,0,285,21.9,112,35,33,0,0,11,0,276,21.2,73,63,24,323,75,5.8,93,173,65,0.376,78,381:44,29:21,46,8,8,16,4,9,13,3,0.23
Central Mich. (MAC),14,8-6,37,999,6070,6.08,55,433.6,41,938,5082,5.42,45,49,363,18,122,160,30,312,93,102,146,27,275,50,17,30,0.567,13,12,32,0.375,103,41,22,945,0,23.05,32,33,749,0,22.7,48,473,290,13,3531,7.47,12.18,19,252.2,89,267,445,3363,25,7.56,12.6,240.2,115,118,925,66.07,67,27,212,0,7.85,93,21,197,0,9.38,124,50,19,15,12,46,0.92,81,59,29,10,9,48,0.814,24,493,1719,3.49,20,122.8,42,526,2539,4.83,36,181.4,68,30,198,2.14,72,49,46,0,0,18,1,396,28.3,54,55,47,4,0,13,1,426,30.4,8,90,42,387,111,7.9,61,200,81,0.405,57,424:26,30:19,120,6,13,19,17,13,30,-11,-0.79
Charlotte (C-USA),13,7-6,56,848,5388,6.35,50,414.5,59,824,4952,6.01,50,56,380.9,60,130,119,22,271,46,125,109,18,252,51,13,23,0.565,129,15,19,0.789,123,23,30,589,2,25.61,113,22,380,0,17.27,84,321,195,14,2749,8.56,14.1,24,211.5,14,195,314,2457,23,7.82,12.6,189,30,68,594,45.69,76,18,127,1,7.06,116,19,238,3,12.53,43,52,21,14,7,42,0.808,35,43,22,10,6,38,0.884,97,510,2495,4.89,27,191.9,31,527,2639,5.01,26,203,21,36,212,2.77,103,56,51,2,0,10,0,421,32.4,59,52,42,2,0,10,0,388,29.8,33,67,38,322,86,6.6,49,155,64,0.413,24,415:53,31:59,90,6,9,15,5,14,19,-4,-0.31
Cincinnati (AAC),14,11-3,80,993,5464,5.5,49,390.3,40,987,5060,5.13,32,34,361.4,38,159,110,21,290,101,114,127,38,279,21,11,17,0.647,2,5,19,0.263,60,52,15,1059,1,20.37,43,27,590,0,21.85,107,377,208,11,2552,6.77,12.27,19,182.3,60,233,452,3119,17,6.9,13.39,222.8,122,123,977,69.79,56,30,250,0,8.33,24,18,89,0,4.94,12,51,11,11,15,37,0.725,69,65,27,16,11,54,0.831,44,535,1941,3.63,15,138.6,25,616,2912,4.73,30,208,60,31,220,2.21,24,34,28,1,0,18,0,288,20.6,60,52,51,1,1,16,0,415,29.6,29,77,38,359,96,6.9,31,212,92,0.434,26,445:42,31:50,31,10,16,26,9,11,20,6,0.43
Clemson (ACC),15,14-1,5,1075,7931,7.38,85,528.7,6,970,4325,4.46,24,24,288.3,3,166,190,37,393,12,92,108,18,218,77,6,12,0.5,33,10,23,0.435,13,25,83,439,0,17.56,36,23,513,0,22.3,23,509,326,10,4325,8.5,13.27,40,288.3,4,231,433,2584,14,5.97,11.19,172.3,29,85,684,45.6,94,33,185,0,5.61,66,9,68,0,7.56,19,33,7,7,11,25,0.758,40,67,33,18,8,59,0.881,19,537,1741,3.24,10,116.1,13,566,3606,6.37,45,240.4,13,46,307,3.07,3,24,23,0,0,12,0,203,13.5,4,88,85,2,0,14,0,659,43.9,7,87,64,504,119,7.9,27,181,80,0.442,61,453:49,30:15,8,11,19,30,5,10,15,15,1
Coastal Carolina (Sun Belt),12,5-7,74,854,4725,5.53,45,393.8,62,761,4603,6.05,48,50,383.6,68,139,111,16,266,34,114,112,15,241,2,23,29,0.793,123,12,17,0.706,120,41,16,1008,0,24.59,125,17,267,0,15.71,97,334,217,9,2379,7.12,10.96,21,198.3,61,229,328,2682,25,8.18,11.71,223.5,45,67,586,48.83,7,12,183,1,15.25,47,14,90,0,6.43,90,42,17,15,4,36,0.857,87,54,21,13,9,43,0.796,70,433,1921,4.44,23,160.1,34,520,2346,4.51,24,195.5,94,21,140,1.75,85,50,48,0,0,6,0,366,30.5,55,46,35,4,0,15,0,364,30.3,86,46,40,251,66,5.5,59,172,70,0.407,10,400:53,33:24,61,6,11,17,8,9,17,0,0
Colorado (Pac-12),12,5-7,83,847,4662,5.5,32,388.5,104,815,5303,6.51,49,50,441.9,81,109,127,21,257,58,97,150,14,261,33,12,20,0.6,77,7,13,0.538,59,15,34,305,0,20.33,44,22,480,0,21.82,61,411,257,11,2858,6.95,11.12,18,238.2,123,267,406,3460,28,8.52,12.96,288.3,95,85,726,60.5,92,10,57,0,5.7,121,15,200,1,13.33,65,43,16,11,9,36,0.837,89,43,13,7,14,34,0.791,61,409,1843,4.51,21,153.6,79,436,1804,4.14,14,150.3,72,24,185,2,96,50,49,0,0,11,0,382,31.8,100,33,31,1,0,17,0,282,23.5,122,50,4,261,52,4.3,48,179,74,0.413,49,367:05,30:35,43,6,11,17,3,11,14,3,0.25
Colorado St. (Mountain West),12,4-8,34,841,5249,6.24,39,437.4,52,811,4529,5.58,42,47,377.4,80,79,157,22,258,31,119,91,28,238,69,11,21,0.524,118,15,22,0.682,128,18,36,498,1,27.67,16,24,591,1,24.63,14,446,280,11,3663,8.21,13.08,21,305.3,7,183,316,2179,19,6.9,11.91,181.6,113,80,785,65.42,77,21,142,0,6.76,30,17,94,0,5.53,106,43,18,10,10,38,0.884,110,46,14,12,9,35,0.761,104,495,2350,4.75,23,195.8,103,395,1586,4.02,18,132.2,47,29,179,2.42,91,47,45,1,0,15,0,374,31.2,71,42,41,1,0,14,0,337,28.1,83,55,26,257,68,5.7,70,169,67,0.396,63,362:47,30:13,123,7,6,13,13,11,24,-11,-0.92
Duke (ACC),12,5-7,114,873,3956,4.53,34,329.7,56,852,4555,5.35,40,43,379.6,108,101,102,21,224,25,110,101,21,232,30,20,33,0.606,65,11,21,0.524,56,31,16,629,1,20.29,14,37,923,2,24.95,110,378,213,14,2152,5.69,10.1,18,179.3,24,185,353,2388,21,6.76,12.91,199,27,63,544,45.33,32,21,231,1,11,96,20,193,0,9.65,76,45,15,12,11,38,0.844,20,32,13,6,10,29,0.906,87,499,2167,4.34,19,180.6,79,495,1804,3.64,16,150.3,18,35,207,2.92,77,43,39,1,0,17,0,350,29.2,94,37,34,1,0,15,0,303,25.3,31,58,44,308,80,6.7,115,193,64,0.332,89,348:18,29:01,123,8,9,17,14,14,28,-11,-0.92
East Carolina (AAC),12,4-8,46,900,5162,5.74,34,430.2,119,864,5632,6.52,52,53,469.3,42,99,152,37,288,98,125,133,20,278,98,3,7,0.429,89,13,23,0.565,117,16,45,388,0,24.25,121,40,653,1,16.33,22,451,270,10,3466,7.69,12.84,22,288.8,108,231,371,3139,24,8.46,13.59,261.6,58,71,615,51.25,101,15,79,1,5.27,102,16,172,0,10.75,100,47,23,9,9,41,0.872,72,52,12,12,19,43,0.827,113,493,2493,5.06,28,207.8,91,449,1696,3.78,12,141.3,85,23,140,1.92,111,53,50,2,0,10,1,404,33.7,78,36,33,0,0,24,0,321,26.8,71,57,26,245,70,5.8,71,178,70,0.393,75,354:48,29:34,53,7,11,18,7,10,17,1,0.08
Eastern Mich. (MAC),13,6-7,67,883,5271,5.97,48,405.5,94,922,5596,6.07,51,52,430.5,47,91,168,26,285,113,138,134,17,289,83,12,25,0.48,126,15,20,0.75,113,26,36,619,1,23.81,114,15,254,0,16.93,28,465,313,12,3681,7.92,11.76,27,283.2,81,241,380,3071,21,8.08,12.74,236.2,13,59,531,40.85,21,15,180,1,12,111,10,117,0,11.7,83,47,25,10,5,40,0.851,99,49,19,10,9,38,0.776,102,542,2525,4.66,30,194.2,116,418,1590,3.8,21,122.3,98,22,149,1.69,87,52,45,3,0,11,1,398,30.6,65,49,35,4,0,14,0,379,29.2,121,40,34,231,57,4.4,68,168,67,0.399,99,371:03,28:32,40,10,11,21,5,12,17,4,0.31
FIU (C-USA),13,6-7,91,877,4902,5.59,37,377.1,69,898,5117,5.7,42,43,393.6,75,101,128,30,259,95,141,110,26,277,61,13,24,0.542,101,12,20,0.6,86,28,42,603,1,21.54,122,31,496,0,16,83,389,223,6,2754,7.08,12.35,14,211.8,17,210,384,2535,16,6.6,12.07,195,82,79,751,57.77,3,12,250,2,20.83,1,9,-4,0,-0.44,116,50,21,11,13,45,0.9,108,55,20,8,14,42,0.764,106,514,2582,5.02,26,198.6,63,488,2148,4.4,23,165.2,102,21,151,1.62,63,43,37,1,0,19,0,354,27.2,83,40,37,1,0,21,1,344,26.5,96,50,36,268,68,5.2,89,184,70,0.38,90,376:34,28:58,46,6,12,18,9,6,15,3,0.23
Fla. Atlantic (C-USA),14,11-3,23,1053,6280,5.96,62,448.6,50,979,5239,5.35,40,41,374.2,9,124,181,25,330,85,94,145,33,272,38,13,22,0.591,44,13,28,0.464,16,45,30,798,0,17.73,88,21,406,0,19.33,29,502,314,8,3956,7.88,12.6,30,282.6,87,281,481,3342,23,6.95,11.89,238.7,97,95,852,60.86,98,21,114,1,5.43,84,14,125,0,8.93,16,40,13,10,7,30,0.75,15,68,26,19,17,62,0.912,33,498,1897,3.81,17,135.5,62,551,2324,4.22,32,166,46,34,231,2.43,40,41,34,3,0,10,1,318,22.7,14,65,56,4,1,18,0,510,36.4,47,71,34,338,88,6.3,64,201,81,0.403,91,405:07,28:56,1,11,22,33,4,8,12,21,1.5
Florida (SEC),13,11-2,45,865,5597,6.47,54,430.5,9,809,3963,4.9,23,23,304.8,29,88,176,33,297,8,76,121,16,213,25,16,26,0.615,3,3,10,0.3,53,25,53,502,0,20.08,27,8,184,0,23,16,467,317,10,3910,8.37,12.33,33,300.8,32,235,390,2627,14,6.74,11.18,202.1,36,67,618,47.54,112,15,68,0,4.53,3,7,9,0,1.29,3,35,5,9,9,23,0.657,59,54,15,22,9,46,0.852,8,419,1336,3.19,9,102.8,107,398,1687,4.24,21,129.8,4,49,318,3.77,7,23,22,1,0,13,0,201,15.5,28,55,51,0,0,17,0,432,33.2,10,69,66,447,102,7.8,53,158,65,0.411,60,393:22,30:15,33,7,16,23,8,10,18,5,0.38
Florida St. (ACC),13,6-7,60,909,5308,5.84,48,408.3,90,1039,5514,5.31,37,40,424.2,69,102,138,25,265,125,105,163,41,309,46,11,19,0.579,65,11,21,0.524,112,14,47,332,0,23.71,12,19,483,0,25.42,34,432,279,13,3479,8.05,12.47,24,267.6,119,308,504,3597,19,7.14,11.68,276.7,127,119,953,73.31,80,20,132,0,6.6,32,17,96,0,5.65,92,64,17,13,25,55,0.859,73,40,17,10,6,33,0.825,54,535,1917,3.58,18,147.5,93,477,1829,3.83,24,140.7,44,32,166,2.46,67,40,34,2,0,28,0,362,27.8,73,49,46,1,0,7,0,363,27.9,79,51,46,257,74,5.7,103,191,68,0.356,125,341:19,26:15,86,10,8,18,8,13,21,-3,-0.23
Fresno St. (Mountain West),12,4-8,85,767,4632,6.04,44,386,88,879,5037,5.73,44,46,419.8,102,87,122,23,232,63,122,121,19,262,89,6,13,0.462,83,15,27,0.556,100,37,22,837,1,22.62,100,33,625,0,18.94,70,373,241,11,2721,7.29,11.29,17,226.8,107,268,434,3110,20,7.17,11.6,259.2,67,75,634,52.83,15,9,120,0,13.33,18,12,51,0,4.25,38,56,22,14,9,45,0.804,96,54,23,11,8,42,0.778,71,445,1927,4.33,24,160.6,67,394,1911,4.85,27,159.3,106,19,121,1.58,82,46,42,2,0,13,0,361,30.1,58,46,44,1,0,12,1,360,30,92,53,22,228,64,5.3,92,146,55,0.377,88,348:25,29:02,38,11,11,22,7,11,18,4,0.33
Ga. Southern (Sun Belt),13,7-6,118,821,4260,5.19,38,327.7,55,871,4929,5.66,46,47,379.2,111,158,46,19,223,36,97,127,18,242,98,6,14,0.429,73,17,32,0.531,32,10,55,191,1,19.1,79,20,398,1,19.9,130,155,80,1,968,6.25,12.1,9,74.5,92,242,403,3157,28,7.83,13.05,242.8,20,66,569,43.77,8,8,117,1,14.63,11,23,76,0,3.3,112,46,17,17,7,41,0.891,53,42,20,3,13,36,0.857,35,468,1772,3.79,18,136.3,7,666,3292,4.94,29,253.2,81,25,150,1.92,70,47,42,3,0,12,0,366,28.2,70,44,36,2,0,20,1,366,28.2,39,72,24,276,84,6.5,123,166,51,0.307,13,428:36,32:58,19,10,9,19,10,1,11,8,0.62
Georgia (SEC),14,12-2,61,940,5713,6.08,47,408.1,3,900,3860,4.29,18,20,275.7,32,128,143,24,295,14,69,127,26,222,33,6,10,0.6,1,6,23,0.261,20,14,68,252,0,18,93,14,268,0,19.14,72,415,255,6,3122,7.52,12.24,26,223,31,285,501,2815,16,5.62,9.88,201.1,47,76,685,48.93,29,25,282,0,11.28,82,12,106,0,8.83,13,26,2,11,6,19,0.731,6,56,18,18,17,53,0.946,1,399,1045,2.62,2,74.6,41,525,2591,4.94,21,185.1,60,31,229,2.21,1,20,20,0,0,12,0,176,12.6,50,50,46,2,0,27,0,431,30.8,89,59,34,349,76,5.4,51,187,77,0.412,18,451:49,32:16,49,8,8,16,7,6,13,3,0.21
Georgia St. (Sun Belt),13,7-6,31,981,5718,5.83,52,439.8,112,886,5922,6.68,60,62,455.5,21,159,129,17,305,112,143,126,18,287,81,13,27,0.481,80,13,24,0.542,111,26,41,616,0,23.69,127,8,114,0,14.25,98,385,238,9,2577,6.69,10.83,22,198.2,84,230,362,3093,27,8.54,13.45,237.9,17,56,557,42.85,122,10,32,0,3.2,95,15,143,0,9.53,111,55,23,17,9,49,0.891,76,56,21,17,8,46,0.821,119,524,2829,5.4,33,217.6,12,596,3141,5.27,30,241.6,102,21,146,1.62,121,62,53,2,0,14,0,471,36.2,47,53,50,1,0,12,0,406,31.2,117,51,20,221,61,4.7,20,195,89,0.456,74,385:00,29:36,57,8,9,17,7,9,16,1,0.08
Georgia Tech (ACC),12,3-9,127,717,3436,4.79,26,286.3,89,870,5075,5.83,45,49,422.9,128,99,63,19,181,80,143,106,22,271,85,8,17,0.471,120,13,19,0.684,69,23,3,481,0,20.91,59,34,715,0,21.03,124,269,124,10,1607,5.97,12.96,14,133.9,36,200,331,2492,18,7.53,12.46,207.7,15,57,493,41.08,110,16,76,0,4.75,107,30,343,1,11.43,25,62,23,13,12,48,0.774,130,27,9,5,2,16,0.593,117,539,2583,4.79,27,215.3,72,448,1829,4.08,12,152.4,111,17,105,1.42,104,49,47,0,0,16,0,389,32.4,124,27,23,2,0,3,1,200,16.7,103,52,18,205,61,5.1,125,163,49,0.301,121,320:31,26:42,93,9,7,16,10,10,20,-4,-0.33
Hawaii (Mountain West),15,10-5,13,1056,7065,6.69,63,471,96,1029,6470,6.29,60,61,431.3,4,125,223,19,367,130,156,157,28,341,30,20,33,0.606,43,12,26,0.462,89,30,48,654,0,21.8,37,49,1092,0,22.29,5,635,396,17,5056,7.96,12.77,42,337.1,67,286,484,3428,23,7.08,11.99,228.5,99,103,918,61.2,108,21,102,1,4.86,123,12,165,0,13.75,84,54,26,6,14,46,0.852,70,59,19,24,6,49,0.831,111,545,3042,5.58,37,202.8,100,421,2009,4.77,21,133.9,124,17,75,1.13,98,61,59,1,0,17,0,478,31.9,24,68,64,2,0,10,1,508,33.9,126,51,20,170,61,4.1,12,186,88,0.473,35,470:30,31:22,117,5,14,19,13,17,30,-11,-0.73
Houston (AAC),12,4-8,78,780,4698,6.02,39,391.5,118,824,5610,6.81,53,54,467.5,100,112,97,24,233,55,104,137,18,259,10,12,17,0.706,89,13,23,0.565,14,31,27,546,0,17.61,47,26,564,2,21.69,91,314,176,12,2440,7.77,13.86,19,203.3,124,251,410,3461,29,8.44,13.79,288.4,38,58,579,48.25,28,16,182,2,11.38,62,19,137,0,7.21,110,45,19,15,6,40,0.889,35,43,16,6,16,38,0.884,85,414,2149,5.19,24,179.1,37,466,2258,4.85,20,188.2,94,21,136,1.75,113,54,52,0,0,10,1,408,34,51,44,40,2,0,20,0,368,30.7,84,43,48,250,67,5.6,108,155,54,0.348,38,373:12,31:06,111,6,8,14,9,12,21,-7,-0.58
Illinois (Big Ten),13,6-7,115,857,4283,5,38,329.5,77,949,5310,5.6,40,41,408.5,107,97,111,18,226,95,131,124,22,277,122,5,15,0.333,113,14,22,0.636,4,18,43,294,0,16.33,38,32,710,0,22.19,105,366,198,9,2409,6.58,12.17,19,185.3,45,207,355,2768,21,7.8,13.37,212.9,100,87,797,61.31,93,21,119,0,5.67,75,27,231,0,8.56,62,53,15,14,15,44,0.83,58,34,15,9,5,29,0.853,103,594,2542,4.28,19,195.5,87,491,1874,3.82,19,144.2,81,25,140,1.92,54,41,33,2,0,19,0,340,26.2,79,44,42,1,0,13,0,347,26.7,15,74,48,311,98,7.5,105,181,64,0.354,128,338:27,26:02,12,16,12,28,9,9,18,10,0.77
Indiana (Big Ten),13,8-5,41,940,5626,5.99,48,432.8,36,853,4579,5.37,37,39,352.2,22,106,170,28,304,41,95,117,36,248,92,8,18,0.444,64,12,23,0.522,50,27,43,540,0,20,94,36,688,0,19.11,15,473,321,9,3931,8.31,12.25,24,302.4,46,219,394,2778,20,7.05,12.68,213.7,111,88,830,63.85,116,17,68,0,4,87,7,64,0,9.14,115,38,12,12,10,34,0.895,56,62,24,15,14,53,0.855,43,459,1801,3.92,17,138.5,106,467,1695,3.63,24,130.4,69,27,184,2.08,45,39,35,2,0,14,1,317,24.4,43,51,46,2,0,19,0,413,31.8,53,66,28,299,80,6.2,15,177,83,0.469,7,438:31,33:43,50,10,7,17,6,9,15,2,0.15
Iowa (Big Ten),13,10-3,99,864,4765,5.52,33,366.5,12,835,4007,4.8,20,21,308.2,90,99,135,14,248,9,83,121,12,216,9,15,21,0.714,4,4,13,0.308,8,28,31,482,0,17.21,6,20,531,2,26.55,68,411,243,7,2976,7.24,12.25,16,228.9,19,248,417,2544,14,6.1,10.26,195.7,3,56,421,32.38,64,15,121,0,8.07,49,11,73,0,6.64,34,29,6,7,10,23,0.793,4,42,14,10,16,40,0.952,14,418,1463,3.5,6,112.5,97,453,1789,3.95,17,137.6,37,33,186,2.54,5,21,20,0,0,12,0,182,14,88,36,32,0,0,29,0,335,25.8,101,51,32,282,67,5.2,57,189,77,0.407,22,416:22,32:01,14,9,12,21,5,7,12,9,0.69
Iowa St. (Big 12),13,7-6,27,896,5776,6.45,51,444.3,45,896,4801,5.36,35,39,369.3,27,87,188,23,298,37,105,130,11,246,98,9,21,0.429,74,8,15,0.533,46,57,12,1127,1,19.77,80,24,477,0,19.88,11,484,315,9,4047,8.36,12.85,29,311.3,72,279,441,2987,22,6.77,10.71,229.8,8,61,496,38.15,43,10,96,0,9.6,41,16,99,0,6.19,113,37,10,11,12,33,0.892,8,53,19,18,13,50,0.943,47,455,1814,3.99,13,139.5,102,412,1729,4.2,22,133,64,28,161,2.15,50,39,35,1,0,22,0,337,25.9,39,53,49,0,0,17,0,418,32.2,36,73,24,299,85,6.5,87,168,64,0.381,51,395:15,30:24,86,7,6,13,7,9,16,-3,-0.23
Kansas (Big 12),12,3-9,90,773,4527,5.86,35,377.3,122,927,5702,6.15,54,56,475.2,108,92,116,16,224,125,151,138,20,309,121,7,20,0.35,56,8,16,0.5,62,26,15,531,0,20.42,81,44,873,0,19.84,66,390,235,14,2778,7.12,11.82,25,231.5,98,240,376,2994,22,7.96,12.48,249.5,52,66,601,50.08,105,9,46,0,5.11,127,18,274,1,15.22,99,61,30,13,10,53,0.869,37,34,7,13,10,30,0.882,124,551,2708,4.91,32,225.7,86,383,1749,4.57,10,145.8,111,17,130,1.42,120,56,50,0,1,15,0,433,36.1,100,36,27,3,0,11,0,282,23.5,109,52,16,236,60,5,72,166,65,0.392,120,320:40,26:43,125,2,6,8,6,14,20,-12,-1
Kansas St. (Big 12),13,8-5,103,841,4666,5.55,41,358.9,44,776,4789,6.17,31,31,368.4,83,117,116,21,254,15,96,109,19,224,33,9,15,0.6,23,7,17,0.412,22,33,29,597,0,18.09,1,34,1003,4,29.5,108,303,181,5,2352,7.76,12.99,12,180.9,33,207,350,2638,12,7.54,12.74,202.9,63,77,679,52.23,37,16,163,1,10.19,117,10,126,0,12.6,130,34,14,4,15,33,0.971,1,52,28,7,15,50,0.962,76,426,2151,5.05,19,165.5,47,538,2314,4.3,29,178,98,22,160,1.69,27,31,30,1,0,20,0,278,21.4,61,47,46,0,0,19,0,385,29.6,109,54,22,269,65,5,34,174,75,0.431,9,434:52,33:27,57,4,11,15,9,5,14,1,0.08
Kent St. (MAC),13,7-6,66,905,5273,5.83,41,405.6,121,974,6155,6.32,52,52,473.5,49,135,116,32,283,129,168,129,27,324,14,8,12,0.667,122,16,23,0.696,23,38,30,690,0,18.16,34,48,1083,1,22.56,78,355,238,2,2846,8.02,11.96,24,218.9,68,224,349,2974,18,8.52,13.28,228.8,89,80,772,59.38,52,14,119,0,8.5,8,15,39,0,2.6,95,60,28,10,14,52,0.867,28,48,15,9,19,43,0.896,127,625,3181,5.09,34,244.7,40,550,2427,4.41,17,186.7,81,25,132,1.92,97,52,48,0,0,18,0,414,31.8,63,42,39,1,0,29,0,380,29.2,101,59,16,230,67,5.2,29,196,86,0.439,127,340:06,26:09,27,11,7,18,10,2,12,6,0.46
Kentucky (SEC),13,8-5,76,830,5102,6.15,45,392.5,21,796,4220,5.3,30,32,324.6,86,165,66,21,252,19,99,104,22,225,75,14,27,0.519,8,6,17,0.353,3,15,48,244,0,16.27,60,21,437,0,20.81,127,257,128,8,1478,5.75,11.55,9,113.7,2,202,353,2182,9,6.18,10.8,167.8,56,75,661,50.85,70,19,143,0,7.53,79,11,95,0,8.64,29,33,14,6,6,26,0.788,85,40,21,6,5,32,0.8,64,443,2038,4.6,21,156.8,4,573,3624,6.32,36,278.8,37,33,221,2.54,14,32,29,0,0,10,0,251,19.3,76,47,42,0,0,9,1,353,27.2,79,69,10,321,74,5.7,78,162,63,0.389,20,418:00,32:09,70,11,8,19,12,8,20,-1,-0.08
La.-Monroe (Sun Belt),12,5-7,17,868,5531,6.37,50,460.9,128,865,5802,6.71,56,61,483.5,57,120,131,21,272,105,157,105,21,283,48,16,28,0.571,65,11,21,0.524,71,25,38,524,1,20.96,120,38,621,0,16.34,46,412,246,12,3044,7.39,12.37,21,253.7,73,207,336,2770,25,8.24,13.38,230.8,109,95,764,63.67,104,10,52,0,5.2,85,16,144,1,9,100,47,20,12,9,41,0.872,84,51,22,10,9,41,0.804,128,529,3032,5.73,31,252.7,26,456,2487,5.45,29,207.3,100,20,97,1.67,127,61,57,1,0,13,0,464,38.7,45,51,44,1,0,9,0,379,31.6,92,50,28,231,64,5.3,66,175,70,0.4,77,353:03,29:25,61,8,10,18,6,12,18,0,0
Liberty (FBS Independent),13,8-5,32,887,5712,6.44,54,439.4,80,926,5319,5.74,45,46,409.2,39,99,161,29,289,87,118,124,31,273,125,5,16,0.313,42,11,24,0.458,40,25,51,487,0,19.48,19,40,970,1,24.25,21,452,257,8,3756,8.31,14.61,29,288.9,52,230,385,2853,27,7.41,12.4,219.5,105,88,801,61.62,130,19,10,0,0.53,74,15,123,0,8.2,43,52,15,14,13,42,0.808,62,56,22,17,8,47,0.839,96,541,2466,4.56,18,189.7,78,435,1956,4.5,25,150.5,28,35,185,2.69,68,46,42,1,0,15,0,365,28.1,34,56,52,0,0,13,0,427,32.8,53,59,42,276,80,6.2,58,167,68,0.407,112,360:37,27:44,50,6,12,18,8,8,16,2,0.15
Louisiana (Sun Belt),14,11-3,8,987,6918,7.01,69,494.1,47,955,5205,5.45,32,33,371.8,5,179,153,19,351,118,147,120,29,296,66,9,17,0.529,22,11,27,0.407,12,40,42,702,0,17.55,24,40,932,0,23.3,62,413,268,4,3314,8.02,12.37,27,236.7,21,235,410,2768,11,6.75,11.78,197.7,84,98,817,58.36,81,29,191,0,6.59,67,12,91,0,7.58,9,43,18,4,9,31,0.721,46,70,29,19,13,61,0.871,82,545,2437,4.47,21,174.1,6,574,3604,6.28,42,257.4,53,33,211,2.36,18,33,28,1,0,16,0,276,19.7,10,69,67,0,0,16,1,531,37.9,116,55,22,297,66,4.7,11,168,80,0.476,67,420:39,30:02,37,9,10,19,10,4,14,5,0.36
Louisiana Tech (C-USA),13,10-3,35,933,5679,6.09,48,436.8,53,941,4910,5.22,33,35,377.7,22,119,158,27,304,77,97,153,19,269,115,6,16,0.375,53,15,31,0.484,63,57,9,1171,1,20.54,40,33,727,1,22.03,32,458,285,10,3490,7.62,12.25,21,268.5,90,278,463,3126,14,6.75,11.24,240.5,32,72,605,46.54,99,13,70,0,5.38,87,14,128,0,9.14,1,51,16,8,9,33,0.647,43,49,22,11,10,43,0.878,37,478,1784,3.73,19,137.2,57,475,2189,4.61,27,168.4,87,24,111,1.85,30,35,35,0,0,13,0,284,21.8,35,54,53,0,0,15,0,422,32.5,59,65,28,239,79,6.1,46,174,72,0.414,43,399:38,30:44,26,9,17,26,9,10,19,7,0.54
Louisville (ACC),13,8-5,24,871,5815,6.68,55,447.3,102,904,5719,6.33,58,58,439.9,71,129,115,19,263,111,127,137,22,286,29,14,23,0.609,33,10,23,0.435,84,54,14,1159,0,21.46,5,33,904,1,27.39,65,302,178,9,3048,10.09,17.12,32,234.5,79,243,406,3044,31,7.5,12.53,234.2,92,93,780,60,25,16,187,0,11.69,22,18,88,0,4.89,71,51,20,18,5,43,0.843,78,44,17,13,6,36,0.818,112,498,2675,5.37,27,205.8,24,569,2767,4.86,23,212.8,69,27,193,2.08,109,58,57,1,0,9,0,434,33.4,30,58,55,0,0,9,0,430,33.1,61,70,16,307,78,6,34,174,75,0.431,33,408:54,31:27,70,11,7,18,10,9,19,-1,-0.08
LSU (SEC),15,15-0,1,1080,8527,7.9,93,568.5,31,1008,5153,5.11,39,42,343.5,1,151,243,24,418,105,87,158,38,283,14,6,9,0.667,53,15,31,0.484,97,15,110,337,0,22.47,63,14,291,0,20.79,2,567,426,7,6024,10.62,14.14,61,401.6,59,264,521,3341,20,6.41,12.66,222.7,107,93,936,62.4,22,21,251,2,11.95,120,9,117,1,13,26,40,14,12,5,31,0.775,2,75,25,34,13,72,0.96,21,487,1812,3.72,19,120.8,60,513,2503,4.88,32,166.9,43,37,260,2.47,32,42,37,3,0,11,0,328,21.9,1,95,89,1,0,21,1,726,48.4,40,76,40,419,96,6.4,4,183,91,0.497,53,455:44,30:22,15,5,17,22,5,7,12,10,0.67
Marshall (C-USA),13,8-5,73,887,5119,5.77,37,393.8,57,891,4935,5.54,39,41,379.6,60,142,100,29,271,73,106,132,29,267,98,6,14,0.429,27,8,19,0.421,129,25,33,716,0,28.64,103,31,578,0,18.65,95,355,200,11,2605,7.34,13.03,16,200.4,75,239,410,3011,16,7.34,12.6,231.6,65,75,680,52.31,24,21,248,2,11.81,40,19,117,0,6.16,28,47,18,9,10,37,0.787,94,42,18,6,9,33,0.786,56,481,1924,4,23,148,35,532,2514,4.73,21,193.4,28,35,216,2.69,47,41,40,0,0,13,0,325,25,88,40,35,2,0,18,1,335,25.8,109,44,42,269,65,5,81,179,69,0.385,40,402:34,30:58,78,6,10,16,7,11,18,-2,-0.15
Maryland (Big Ten),12,3-9,109,767,4121,5.37,39,343.4,109,906,5390,5.95,50,53,449.2,124,93,87,21,201,94,122,137,17,276,126,8,26,0.308,37,8,18,0.444,76,42,8,885,1,21.07,31,45,1023,2,22.73,114,342,172,12,2088,6.11,12.14,16,174,116,264,405,3255,23,8.04,12.33,271.3,40,70,585,48.75,11,9,123,1,13.67,16,17,68,0,4,82,66,27,14,15,56,0.848,129,35,13,8,2,23,0.657,83,501,2135,4.26,27,177.9,55,425,2033,4.78,23,169.4,94,21,123,1.75,115,53,50,0,0,16,0,416,34.7,94,42,39,0,0,2,3,303,25.3,48,65,20,246,75,6.3,119,168,54,0.321,129,309:04,25:45,97,6,10,16,9,12,21,-5,-0.42
Massachusetts (FBS Independent),12,1-11,126,822,3517,4.28,29,293.1,130,867,6734,7.77,82,86,561.2,127,76,94,20,190,127,162,135,14,311,114,11,29,0.379,108,11,18,0.611,88,29,10,629,0,21.69,66,75,1550,0,20.67,117,392,218,16,2022,5.16,9.28,15,168.5,109,217,318,3145,32,9.89,14.49,262.1,109,83,764,63.67,52,12,102,1,8.5,112,14,167,1,11.93,107,69,38,17,6,61,0.884,105,34,10,10,6,26,0.765,130,549,3589,6.54,50,299.1,114,430,1495,3.48,14,124.6,126,12,58,1,130,86,84,1,0,10,0,632,52.7,118,31,30,0,0,7,0,237,19.8,127,44,8,153,48,4,110,191,66,0.346,126,314:59,26:14,53,11,10,21,4,16,20,1,0.08
Memphis (AAC),14,12-2,10,992,6791,6.85,65,485.1,61,999,5369,5.37,42,45,383.5,10,135,161,31,327,104,134,120,28,282,43,14,24,0.583,53,15,31,0.484,27,30,65,557,0,18.57,9,46,1206,3,26.22,17,441,281,11,4177,9.47,14.86,33,298.4,20,219,413,2742,15,6.64,12.52,195.9,91,103,839,59.93,71,25,187,1,7.48,50,16,107,1,6.69,124,50,20,10,16,46,0.92,77,61,21,16,13,50,0.82,93,586,2627,4.48,27,187.6,39,551,2614,4.74,32,186.7,34,36,210,2.57,58,45,38,4,0,18,0,370,26.4,8,71,65,1,1,23,1,566,40.4,26,80,34,348,97,6.9,19,193,89,0.461,50,427:25,30:31,69,8,11,19,9,11,20,-1,-0.07
Miami (FL) (ACC),13,6-7,98,844,4774,5.66,43,367.2,13,849,4028,4.74,29,30,309.8,84,81,145,27,253,13,83,106,30,219,73,13,25,0.52,123,12,17,0.706,114,28,36,670,0,23.93,69,25,511,0,20.44,52,437,255,10,3239,7.41,12.7,27,249.2,18,208,379,2538,16,6.7,12.2,195.2,93,91,782,60.15,10,21,299,0,14.24,28,24,132,0,5.5,41,36,9,8,12,29,0.806,122,54,13,16,10,39,0.722,17,470,1490,3.17,13,114.6,120,407,1535,3.77,16,118.1,6,46,286,3.54,23,30,28,1,0,17,1,263,20.2,90,43,38,1,0,12,0,334,25.7,4,88,40,442,108,8.3,129,162,44,0.272,62,393:04,30:14,46,10,10,20,7,10,17,3,0.23
Miami (OH) (MAC),14,8-6,122,870,4328,4.97,33,309.1,60,1014,5347,5.27,50,52,381.9,114,96,100,20,216,121,142,132,27,301,120,6,17,0.353,62,15,29,0.517,110,16,52,379,0,23.69,52,41,881,0,21.49,111,337,183,10,2495,7.4,13.63,11,178.2,40,259,436,2929,26,6.72,11.31,209.2,44,80,683,48.79,12,23,313,1,13.61,109,26,303,0,11.65,59,51,17,15,10,42,0.824,48,46,18,6,16,40,0.87,81,578,2418,4.18,24,172.7,105,533,1833,3.44,22,130.9,27,38,232,2.71,69,52,49,0,0,11,0,394,28.1,99,37,36,0,0,26,1,338,24.1,13,81,54,428,108,7.7,113,201,67,0.333,107,392:56,28:04,52,9,11,20,8,10,18,2,0.14
Michigan (Big Ten),13,9-4,68,905,5220,5.77,51,401.5,11,846,3994,4.72,36,37,307.2,45,108,141,37,286,22,95,103,28,226,60,12,22,0.545,100,13,22,0.591,105,19,34,440,1,23.16,11,26,665,1,25.58,50,410,228,9,3261,7.95,14.3,25,250.8,10,198,345,2412,16,6.99,12.18,185.5,51,80,649,49.92,69,38,289,0,7.61,60,19,134,0,7.05,35,34,17,8,2,27,0.794,81,59,23,13,12,48,0.814,22,501,1582,3.16,20,121.7,77,495,1959,3.96,26,150.7,21,36,257,2.77,25,37,36,1,0,3,0,269,20.7,44,52,46,3,0,16,0,412,31.7,59,60,38,387,79,6.1,74,174,68,0.391,76,383:52,29:31,61,11,9,20,11,9,20,0,0
Michigan St. (Big Ten),13,7-6,95,932,4835,5.19,29,371.9,18,843,4181,4.96,35,37,321.6,56,99,148,27,274,19,85,115,25,225,24,13,21,0.619,49,10,21,0.476,87,40,15,867,0,21.68,101,24,454,0,18.92,55,464,270,15,3182,6.86,11.79,17,244.8,37,241,403,2702,24,6.7,11.21,207.8,69,75,700,53.85,82,26,167,0,6.42,91,25,231,0,9.24,21,38,8,12,9,29,0.763,112,54,11,15,15,41,0.759,16,440,1479,3.36,11,113.8,113,468,1653,3.53,12,127.2,12,40,263,3.08,37,37,33,1,0,12,0,293,22.5,105,32,31,0,0,22,1,291,22.4,21,69,46,405,92,7.1,99,192,70,0.365,34,408:08,31:23,78,10,12,22,9,15,24,-2,-0.15
Middle Tenn. (C-USA),12,4-8,59,771,4900,6.36,40,408.3,114,888,5512,6.21,42,43,459.3,91,103,122,22,247,98,128,138,12,278,66,9,17,0.529,98,17,29,0.586,36,39,9,754,0,19.33,126,11,163,0,14.82,63,367,227,9,2837,7.73,12.5,22,236.4,113,271,415,3184,23,7.67,11.75,265.3,16,57,511,42.58,123,4,11,0,2.75,53,21,143,1,6.81,18,53,15,11,14,40,0.755,29,38,15,11,8,34,0.895,101,473,2328,4.92,19,194,53,404,2063,5.11,18,171.9,129,11,72,0.92,81,43,39,0,1,20,0,359,29.9,85,41,35,1,0,11,0,316,26.3,95,50,26,203,63,5.3,107,148,52,0.351,118,323:42,26:58,43,9,8,17,5,9,14,3,0.25
Minnesota (Big Ten),13,11-2,42,883,5616,6.36,56,432,10,787,3986,5.06,32,37,306.6,35,135,142,17,294,24,92,119,18,229,19,13,20,0.65,83,10,18,0.556,85,44,31,947,1,21.52,94,18,344,0,19.11,47,323,212,8,3293,10.2,15.53,31,253.3,9,200,357,2395,14,6.71,11.98,184.2,10,56,502,38.62,120,11,37,0,3.36,2,6,1,0,0.17,123,35,15,8,9,32,0.914,24,59,24,19,10,53,0.898,23,430,1591,3.7,18,122.4,46,560,2323,4.15,25,178.7,64,28,207,2.15,37,37,31,1,0,12,1,293,22.5,21,59,54,1,0,11,0,443,34.1,115,45,34,282,62,4.8,8,161,78,0.484,4,444:42,34:12,40,5,14,19,7,8,15,4,0.31
Mississippi St. (SEC),13,6-7,70,844,5201,6.16,46,400.1,73,824,5189,6.3,47,49,399.2,51,145,112,23,280,66,108,136,20,264,112,7,18,0.389,71,9,17,0.529,45,41,19,807,1,19.68,119,26,430,0,16.54,109,315,186,10,2333,7.41,12.54,19,179.5,97,224,368,3208,22,8.72,14.32,246.8,21,72,578,44.46,113,11,48,0,4.36,83,19,169,0,8.89,33,53,23,11,8,42,0.792,51,44,23,10,5,38,0.864,59,456,1981,4.34,25,152.4,21,529,2868,5.42,27,220.6,72,26,177,2,74,49,46,1,0,11,0,375,28.8,74,48,44,0,0,9,0,359,27.6,79,50,48,281,74,5.7,76,149,58,0.389,29,411:31,31:39,57,14,10,24,13,10,23,1,0.08
Missouri (SEC),12,6-6,93,852,4491,5.27,31,374.3,14,771,3744,4.86,27,28,312,94,110,109,26,245,1,76,91,28,195,64,7,13,0.538,9,5,14,0.357,92,6,59,132,0,22,109,9,161,0,17.89,73,376,226,8,2671,7.1,11.82,17,222.6,6,175,348,2151,15,6.18,12.29,179.3,116,83,808,67.33,30,20,223,1,11.15,97,23,226,0,9.83,42,31,8,8,9,25,0.806,117,46,12,12,10,34,0.739,31,423,1593,3.77,12,132.8,74,476,1820,3.82,14,151.7,106,19,129,1.58,16,28,24,1,0,13,0,233,19.4,93,37,34,0,0,16,0,304,25.3,98,55,14,226,62,5.2,98,181,66,0.365,72,358:49,29:54,53,7,8,15,6,8,14,1,0.08
Navy (AAC),13,11-2,19,877,5925,6.76,62,455.8,16,777,4084,5.26,32,36,314.2,50,228,42,12,282,3,84,102,12,198,4,26,34,0.765,77,14,26,0.538,93,43,17,948,2,22.05,115,13,220,0,16.92,128,104,55,4,1238,11.9,22.51,10,95.2,38,194,343,2708,19,7.9,13.96,208.3,4,54,459,35.31,86,18,112,0,6.22,80,12,104,1,8.67,30,38,12,10,8,30,0.789,3,49,36,3,8,47,0.959,10,434,1376,3.17,13,105.8,1,773,4687,6.06,52,360.5,56,30,167,2.31,34,36,35,0,0,13,0,290,22.3,12,64,61,1,0,12,0,483,37.2,53,56,48,306,80,6.2,18,171,79,0.462,8,435:26,33:29,27,10,12,22,12,4,16,6,0.46
NC State (ACC),12,4-8,88,881,4563,5.18,28,380.3,72,857,4787,5.59,45,46,398.9,75,110,123,26,259,49,87,142,28,257,80,14,29,0.483,126,9,12,0.75,79,24,29,511,0,21.29,102,22,412,0,18.73,67,463,244,10,2749,5.94,11.27,14,229.1,103,265,412,3066,24,7.44,11.57,255.5,64,71,627,52.25,13,15,203,1,13.53,55,23,157,0,6.83,103,48,15,16,11,42,0.875,67,48,12,11,17,40,0.833,50,445,1721,3.87,21,143.4,75,418,1814,4.34,14,151.2,18,35,230,2.92,82,46,43,0,0,14,0,361,30.1,107,29,28,0,0,21,0,265,22.1,23,59,50,340,84,7,104,183,65,0.355,81,352:00,29:20,126,4,4,8,11,10,21,-13,-1.08
Nebraska (Big Ten),12,5-7,55,867,4990,5.76,39,415.8,64,832,4666,5.61,39,41,388.8,89,128,102,20,250,32,116,109,14,239,97,10,23,0.435,36,7,16,0.438,65,45,14,932,2,20.71,107,23,417,0,18.13,82,323,194,9,2551,7.9,13.15,12,212.6,30,215,364,2409,14,6.62,11.2,200.8,18,61,518,43.17,65,16,128,1,8,7,11,25,0,2.27,122,44,20,10,10,40,0.909,115,51,24,3,11,38,0.745,94,468,2257,4.82,25,188.1,30,544,2439,4.48,27,203.3,57,27,173,2.25,66,41,38,1,0,15,1,333,27.8,72,43,40,1,0,12,0,336,28,57,57,32,307,73,6.1,51,187,77,0.412,92,346:53,28:54,61,10,11,21,12,9,21,0,0
Nevada (Mountain West),13,7-6,101,946,4749,5.02,30,365.3,75,857,5201,6.07,49,52,400.1,87,90,144,17,251,51,110,136,12,258,43,14,24,0.583,101,15,25,0.6,67,22,36,459,1,20.86,86,33,645,0,19.55,51,500,310,13,3246,6.49,10.47,14,249.7,99,246,407,3261,31,8.01,13.26,250.8,89,96,772,59.38,41,19,184,0,9.68,61,31,222,1,7.16,78,46,14,16,9,39,0.848,92,47,14,7,16,37,0.787,57,450,1940,4.31,18,149.2,122,446,1503,3.37,16,115.6,92,23,173,1.77,100,52,51,0,0,16,2,415,31.9,111,31,28,0,0,21,0,277,21.3,114,50,26,268,63,4.8,94,205,76,0.371,27,413:08,31:46,96,8,11,19,11,13,24,-5,-0.38
New Mexico (Mountain West),12,2-10,69,832,4803,5.77,33,400.3,129,868,5828,6.71,56,59,485.7,94,115,103,27,245,77,101,143,25,269,115,6,16,0.375,116,14,21,0.667,104,19,31,439,0,23.11,20,26,627,0,24.12,101,331,163,15,2340,7.07,14.36,13,195,130,258,412,3857,34,9.36,14.95,321.4,96,81,729,60.75,87,24,147,0,6.13,63,18,131,0,7.28,63,54,21,17,7,45,0.833,109,38,16,7,6,29,0.763,75,456,1971,4.32,22,164.3,27,501,2463,4.92,20,205.3,90,22,164,1.83,125,59,55,1,1,11,0,446,37.2,106,34,25,1,0,12,0,267,22.3,98,50,24,276,62,5.2,97,169,62,0.367,71,359:06,29:55,128,7,4,11,11,15,26,-15,-1.25
New Mexico St. (FBS Independent),12,2-10,102,832,4333,5.21,31,361.1,126,875,5759,6.58,56,61,479.9,106,93,117,18,228,105,147,120,16,283,25,16,26,0.615,125,8,11,0.727,124,16,30,416,1,26,128,28,378,0,13.5,79,446,278,15,2611,5.85,9.39,15,217.6,55,220,362,2649,21,7.32,12.04,220.8,31,68,556,46.33,36,19,196,1,10.32,94,21,199,1,9.48,120,54,26,12,11,49,0.907,126,40,12,10,6,28,0.7,129,513,3110,6.06,35,259.2,89,386,1722,4.46,16,143.5,118,15,105,1.25,129,61,55,1,0,23,0,492,41,108,33,32,0,0,10,0,260,21.7,109,46,28,216,60,5,118,171,55,0.322,116,326:39,27:13,128,7,5,12,12,15,27,-15,-1.25
North Carolina (ACC),13,7-6,12,959,6162,6.43,52,474,49,893,4851,5.43,37,38,373.2,17,131,167,17,315,47,93,134,26,253,18,15,23,0.652,56,8,16,0.5,90,33,41,721,0,21.85,51,24,518,0,21.58,25,431,265,7,3716,8.62,14.02,39,285.8,71,253,421,2985,18,7.09,11.8,229.6,70,80,701,53.92,85,13,81,0,6.23,81,16,139,0,8.69,54,44,16,9,11,36,0.818,31,55,10,21,18,49,0.891,51,472,1866,3.95,19,143.5,38,528,2446,4.63,13,188.2,49,31,189,2.38,44,38,34,2,0,14,0,308,23.7,30,53,49,3,0,19,0,430,33.1,45,65,34,291,82,6.3,47,191,79,0.414,56,394:15,30:19,19,6,14,20,5,7,12,8,0.62
North Texas (C-USA),12,4-8,54,850,5023,5.91,44,418.6,81,860,4931,5.73,45,50,410.9,84,88,150,15,253,58,116,120,25,261,55,18,32,0.563,56,10,20,0.5,108,30,16,709,2,23.63,25,49,1141,1,23.29,27,454,283,12,3400,7.49,12.01,33,283.3,57,230,374,2668,14,7.13,11.6,222.3,78,64,672,56,55,19,160,1,8.42,100,13,138,1,10.62,127,44,24,6,11,41,0.932,71,47,8,20,11,39,0.83,95,486,2263,4.66,31,188.6,99,396,1623,4.1,11,135.3,40,30,177,2.5,105,50,39,3,0,15,0,390,32.5,52,46,43,0,0,16,0,367,30.6,52,58,32,264,74,6.2,95,173,64,0.37,106,337:41,28:08,103,9,4,13,7,12,19,-6,-0.5
Northern Ill. (MAC),12,5-7,104,824,4304,5.22,29,358.7,63,763,4638,6.08,43,43,386.5,112,91,114,16,221,15,101,103,20,224,71,12,23,0.522,37,8,18,0.444,108,30,19,709,0,23.63,130,12,141,0,11.75,79,370,215,11,2611,7.06,12.14,14,217.6,39,195,332,2503,18,7.54,12.84,208.6,24,62,539,44.92,97,15,83,1,5.53,48,19,123,0,6.47,50,48,21,7,11,39,0.813,23,31,12,7,9,28,0.903,83,431,2135,4.95,25,177.9,92,454,1693,3.73,15,141.1,122,14,99,1.17,71,43,40,2,0,12,0,338,28.2,103,33,30,1,0,14,1,274,22.8,103,43,36,206,61,5.1,117,177,57,0.322,16,393:04,32:45,103,9,4,13,8,11,19,-6,-0.5
Northwestern (Big Ten),12,3-9,124,842,3565,4.23,23,297.1,25,796,4028,5.06,31,34,335.7,118,109,76,27,212,7,81,108,22,211,110,11,28,0.393,17,5,13,0.385,55,29,9,588,0,20.28,64,18,374,0,20.78,126,312,156,15,1404,4.5,9,6,117,23,220,360,2385,17,6.63,10.84,198.8,39,65,582,48.5,58,21,174,0,8.29,9,17,48,0,2.82,63,42,10,15,10,35,0.833,101,31,12,4,8,24,0.774,36,436,1643,3.77,14,136.9,44,530,2161,4.08,17,180.1,72,24,134,2,43,34,34,0,0,15,0,283,23.6,126,24,18,0,0,10,2,196,16.3,74,55,28,236,69,5.8,101,193,69,0.358,66,360:36,30:03,121,7,7,14,9,15,24,-10,-0.83
Notre Dame (FBS Independent),13,11-2,43,886,5608,6.33,57,431.4,18,894,4181,4.68,25,26,321.6,57,114,135,23,272,29,118,102,15,235,13,17,25,0.68,40,10,22,0.455,18,35,40,626,0,17.89,91,21,403,0,19.19,49,416,253,6,3278,7.88,12.96,37,252.2,3,203,374,2191,13,5.86,10.79,168.5,57,84,665,51.15,54,25,211,0,8.44,15,18,70,0,3.89,129,30,9,8,12,29,0.967,10,55,16,26,9,51,0.927,60,520,1990,3.83,12,153.1,45,470,2330,4.96,20,179.2,32,34,221,2.62,12,26,26,0,0,17,0,233,17.9,13,61,61,0,0,17,0,478,36.8,23,76,30,355,91,7,65,184,74,0.402,96,372:59,28:41,4,19,9,28,5,6,11,17,1.31
Ohio (MAC),13,7-6,29,861,5749,6.68,57,442.2,76,882,5248,5.95,42,43,403.7,29,148,126,23,297,79,123,127,20,270,58,5,9,0.556,97,11,19,0.579,2,36,24,580,0,16.11,28,35,803,0,22.94,77,335,203,6,2866,8.56,14.12,21,220.5,83,250,418,3086,21,7.38,12.34,237.4,37,70,627,48.23,100,29,154,0,5.31,39,15,92,1,6.13,57,45,17,9,11,37,0.822,24,59,30,11,12,53,0.898,77,464,2162,4.66,21,166.3,20,526,2883,5.48,36,221.8,87,24,156,1.85,60,43,36,0,0,17,0,345,26.5,20,57,54,1,0,16,0,446,34.3,108,40,52,270,66,5.1,6,168,83,0.494,28,412:40,31:44,90,10,5,15,13,6,19,-4,-0.31
Ohio St. (Big Ten),14,13-1,4,1069,7419,6.94,87,529.9,1,881,3636,4.13,23,23,259.7,2,192,172,33,397,11,99,89,29,217,25,8,13,0.615,7,7,20,0.35,19,43,33,770,0,17.91,45,13,283,0,21.77,36,406,271,3,3684,9.07,13.59,48,263.1,1,200,393,2184,9,5.56,10.92,156,73,81,770,55,72,29,212,0,7.31,10,12,36,0,3,2,29,10,2,7,19,0.655,30,75,30,29,8,67,0.893,9,488,1452,2.98,14,103.7,5,663,3735,5.63,39,266.8,3,54,354,3.86,4,23,19,3,0,9,1,192,13.7,3,88,87,0,0,13,1,656,46.9,2,105,38,494,124,8.9,1,183,101,0.552,25,447:31,31:57,17,10,15,25,13,3,16,9,0.64
Oklahoma (Big 12),14,12-2,3,946,7527,7.96,74,537.6,38,886,4990,5.63,47,48,356.4,6,160,172,16,348,98,98,138,42,278,14,8,12,0.667,26,10,24,0.417,33,38,59,730,0,19.21,112,35,608,0,17.37,18,381,262,9,4164,10.93,15.89,36,297.4,58,257,427,3113,27,7.29,12.11,222.4,129,101,1038,74.14,73,26,187,1,7.19,90,5,46,0,9.2,128,48,20,12,13,45,0.938,13,73,30,22,15,67,0.918,32,459,1877,4.09,20,134.1,14,565,3363,5.95,38,240.2,34,36,253,2.57,64,48,46,0,0,16,0,382,27.3,6,76,75,1,0,19,0,590,42.1,17,86,36,405,104,7.4,5,155,77,0.497,39,434:30,31:02,109,4,7,11,10,9,19,-8,-0.57
Oklahoma St. (Big 12),13,8-5,21,924,5901,6.39,50,453.9,82,926,5360,5.79,41,43,412.3,47,142,110,33,285,80,117,135,19,271,69,11,21,0.524,15,8,21,0.381,41,36,33,702,0,19.5,108,30,540,0,18,71,362,232,12,2916,8.06,12.57,23,224.3,102,270,447,3300,23,7.38,12.22,253.8,34,67,612,47.08,60,20,164,0,8.2,4,11,18,0,1.64,95,45,14,14,11,39,0.867,16,45,17,10,14,41,0.911,67,479,2060,4.3,18,158.5,17,562,2985,5.31,27,229.6,64,28,159,2.15,61,43,38,2,0,16,0,348,26.8,35,52,48,1,0,20,0,422,32.5,68,58,38,268,77,5.9,77,185,72,0.389,95,374:59,28:50,70,7,12,19,8,12,20,-1,-0.08
Old Dominion (C-USA),12,1-11,128,810,3285,4.06,21,273.8,46,787,4453,5.66,42,45,371.1,122,76,104,23,203,34,103,115,23,241,30,20,33,0.606,40,5,11,0.455,70,24,11,503,0,20.96,15,29,718,0,24.76,112,379,207,12,2117,5.59,10.23,5,176.4,61,206,324,2682,20,8.28,13.02,223.5,94,71,724,60.33,75,14,100,0,7.14,45,19,121,1,6.37,94,51,18,14,12,44,0.863,125,38,14,0,13,27,0.711,55,463,1771,3.83,22,147.6,124,431,1168,2.71,16,97.3,111,17,118,1.42,79,45,42,2,0,14,0,358,29.8,127,21,18,3,0,15,0,195,16.3,44,55,42,245,76,6.3,122,183,57,0.311,44,368:46,30:43,75,9,9,18,7,12,19,-1,-0.08
Ole Miss (SEC),12,4-8,26,891,5343,6,40,445.3,85,859,5001,5.82,36,39,416.8,60,140,108,23,271,73,104,146,17,267,65,17,32,0.531,101,12,20,0.6,24,30,16,546,0,18.2,35,18,404,1,22.44,102,332,186,6,2328,7.01,12.52,11,194,120,288,434,3339,20,7.69,11.59,278.3,40,59,585,48.75,89,15,91,0,6.07,110,21,245,1,11.67,97,38,11,10,12,33,0.868,50,38,16,6,11,33,0.868,42,425,1662,3.91,16,138.5,9,559,3015,5.39,29,251.3,25,33,180,2.75,59,39,34,0,0,16,1,318,26.5,82,41,36,2,0,11,0,319,26.6,57,58,30,291,73,6.1,96,182,67,0.368,104,338:58,28:14,53,6,10,16,9,6,15,1,0.08
Oregon (Pac-12),14,12-2,40,956,6063,6.34,61,433.1,22,973,4607,4.73,23,24,329.1,13,124,170,26,320,73,94,139,34,267,73,13,25,0.52,28,14,33,0.424,118,44,27,1075,1,24.43,8,29,762,2,26.28,41,446,298,6,3615,8.11,12.13,35,258.2,53,297,506,3082,18,6.09,10.38,220.1,103,85,862,61.57,9,18,258,0,14.33,64,26,193,0,7.42,23,39,5,9,16,30,0.769,96,63,21,20,8,49,0.778,13,467,1525,3.27,5,108.9,51,510,2448,4.8,26,174.9,16,41,237,2.93,9,24,21,3,0,20,0,231,16.5,16,67,64,1,0,9,0,495,35.4,26,74,46,384,97,6.9,44,177,74,0.418,103,395:35,28:15,5,7,20,27,5,6,11,16,1.14
Oregon St. (Pac-12),12,5-7,58,830,4941,5.95,51,411.8,108,884,5348,6.05,49,52,445.7,66,111,140,17,268,114,114,149,28,291,61,13,24,0.542,128,21,27,0.778,125,34,25,901,1,26.5,48,32,693,0,21.66,43,420,260,4,3061,7.29,11.77,30,255.1,117,262,415,3314,28,7.99,12.65,276.2,86,78,701,58.42,106,13,66,0,5.08,98,23,235,1,10.22,27,51,17,14,9,40,0.784,11,39,16,17,3,36,0.923,79,469,2034,4.34,21,169.5,70,410,1880,4.59,21,156.7,31,32,214,2.67,105,52,45,0,0,11,0,390,32.5,48,52,48,1,0,4,0,374,31.2,20,70,32,356,86,7.2,42,163,69,0.423,100,341:32,28:27,9,8,8,16,2,4,6,10,0.83
Penn St. (Big Ten),13,11-2,57,885,5355,6.05,59,411.9,34,935,4504,4.82,23,23,346.5,55,125,134,16,275,37,87,140,19,246,28,11,18,0.611,94,15,26,0.577,7,14,66,239,0,17.07,85,28,549,0,19.61,76,369,217,9,2877,7.8,13.26,25,221.3,100,273,451,3269,10,7.25,11.97,251.5,26,57,589,45.31,83,28,178,0,6.36,5,20,34,0,1.7,54,33,13,3,11,27,0.818,21,52,27,10,10,47,0.904,5,484,1235,2.55,13,95,36,516,2478,4.8,34,190.6,7,45,335,3.46,8,23,22,0,0,16,0,208,16,15,61,56,2,0,13,0,465,35.8,11,77,48,479,101,7.8,41,172,73,0.424,108,362:40,27:53,19,12,10,22,5,9,14,8,0.62
Pittsburgh (ACC),13,8-5,87,954,4946,5.18,28,380.5,15,905,4068,4.5,31,33,312.9,64,90,152,27,269,30,88,107,41,236,85,8,17,0.471,83,10,18,0.556,44,24,37,472,0,19.67,123,18,287,0,15.94,39,513,316,10,3402,6.63,10.77,17,261.7,34,221,433,2658,19,6.14,12.03,204.5,119,102,888,68.31,91,34,199,1,5.85,99,27,279,1,10.33,39,46,11,10,16,37,0.804,90,38,9,9,12,30,0.789,12,472,1410,2.99,12,108.5,119,441,1544,3.5,11,118.8,1,51,338,3.92,36,33,29,1,0,21,0,292,22.5,114,30,29,0,0,22,0,275,21.2,9,73,60,467,103,7.9,69,211,84,0.398,45,398:46,30:40,112,5,9,14,12,10,22,-8,-0.62
Purdue (Big Ten),12,4-8,75,862,4718,5.47,38,393.2,100,869,5235,6.02,45,46,436.3,91,61,164,22,247,58,119,128,14,261,77,8,16,0.5,108,11,18,0.611,43,17,40,334,0,19.65,124,33,521,0,15.79,12,520,320,15,3719,7.15,11.62,29,309.9,94,236,382,2925,20,7.66,12.39,243.8,7,55,452,37.67,96,12,67,0,5.58,36,17,100,0,5.88,46,47,19,9,10,38,0.809,5,41,9,20,10,39,0.951,99,487,2310,4.74,25,192.5,126,342,999,2.92,9,83.3,85,23,143,1.92,86,46,42,1,0,15,1,367,30.6,87,39,35,1,0,13,0,310,25.8,61,60,24,272,72,6,56,179,73,0.408,114,331:10,27:35,113,6,9,15,8,15,23,-8,-0.67
Rice (C-USA),12,3-9,125,753,3530,4.69,27,294.2,58,764,4563,5.97,37,40,380.3,120,79,98,27,204,15,84,130,10,224,92,8,18,0.444,101,9,15,0.6,81,23,15,492,1,21.39,70,26,530,0,20.38,118,320,180,4,1992,6.23,11.07,13,166,91,224,348,2903,18,8.34,12.96,241.9,1,44,330,27.5,47,15,138,0,9.2,14,18,67,0,3.72,85,34,13,9,7,29,0.853,96,36,9,11,8,28,0.778,41,416,1660,3.99,19,138.3,110,433,1538,3.55,14,128.2,118,15,106,1.25,49,40,36,1,0,11,0,311,25.9,123,27,23,0,0,10,0,215,17.9,74,44,50,219,69,5.8,86,173,66,0.382,32,377:38,31:28,97,5,6,11,12,4,16,-5,-0.42
Rutgers (Big Ten),12,2-10,129,735,3277,4.46,18,273.1,98,837,5203,6.22,54,59,433.6,129,78,68,14,160,87,119,126,28,273,98,6,14,0.429,65,11,21,0.524,102,26,10,599,1,23.04,75,36,727,0,20.19,121,278,154,15,1672,6.01,10.86,7,139.3,76,209,343,2790,25,8.13,13.35,232.5,87,76,709,59.08,124,13,35,0,2.69,51,20,134,0,6.7,61,52,24,12,7,43,0.827,121,26,9,1,9,19,0.731,107,494,2413,4.88,29,201.1,101,457,1605,3.51,11,133.8,109,18,114,1.5,123,59,56,0,0,10,0,440,36.7,129,18,18,0,0,11,0,159,13.3,119,40,30,195,55,4.6,111,177,61,0.345,68,360:27,30:02,126,4,6,10,8,15,23,-13,-1.08
San Diego St. (Mountain West),13,10-3,110,933,4461,4.78,27,343.2,5,804,3741,4.65,18,19,287.8,75,113,128,18,259,3,67,114,17,198,51,13,23,0.565,30,9,21,0.429,5,12,51,202,0,16.83,29,22,503,1,22.86,92,397,253,6,2634,6.63,10.41,15,202.6,44,265,448,2761,10,6.16,10.42,212.4,53,78,655,50.38,79,27,181,1,6.7,68,24,183,0,7.63,16,32,7,8,9,24,0.75,102,44,11,8,15,34,0.773,2,356,980,2.75,8,75.4,94,536,1827,3.41,12,140.5,49,31,193,2.38,2,19,17,2,0,10,0,165,12.7,112,30,28,1,0,22,0,276,21.2,45,60,44,316,82,6.3,85,207,79,0.382,6,440:04,33:51,2,9,18,27,2,6,8,19,1.46
San Jose St. (Mountain West),12,5-7,50,805,5129,6.37,43,427.4,106,918,5325,5.8,46,49,443.8,75,62,171,26,259,102,154,108,18,280,95,7,16,0.438,110,16,26,0.615,64,34,17,704,1,20.71,83,25,492,0,19.68,4,498,305,8,4056,8.14,13.3,24,338,43,208,340,2540,16,7.47,12.21,211.7,54,74,608,50.67,109,10,48,0,4.8,113,11,134,1,12.18,56,50,27,6,8,41,0.82,62,56,19,13,15,47,0.839,125,578,2785,4.82,30,232.1,125,307,1073,3.5,19,89.4,111,17,111,1.42,99,49,46,0,0,13,2,383,31.9,57,43,37,3,0,20,0,361,30.1,103,52,18,209,61,5.1,55,159,65,0.409,124,317:20,26:26,9,7,16,23,5,8,13,10,0.83
SMU (AAC),13,10-3,9,1037,6368,6.14,70,489.8,107,1004,5785,5.76,50,53,445,12,119,162,41,322,122,105,167,30,302,6,22,30,0.733,47,15,32,0.469,21,63,14,1135,1,18.02,10,43,1121,2,26.07,13,503,313,11,4017,7.99,12.83,35,309,125,289,482,3752,34,7.78,12.98,288.6,80,83,743,57.15,63,23,186,0,8.09,21,14,67,0,4.79,86,48,12,15,14,41,0.854,107,72,25,19,11,55,0.764,63,522,2033,3.89,16,156.4,43,534,2351,4.4,35,180.8,1,51,320,3.92,109,53,50,2,0,20,1,434,33.4,7,73,58,6,0,12,0,544,41.8,3,89,44,465,111,8.5,30,212,93,0.439,94,375:20,28:52,40,12,9,21,6,11,17,4,0.31
South Alabama (Sun Belt),12,2-10,113,791,3963,5.01,29,330.3,79,850,4905,5.77,39,44,408.8,114,106,83,27,216,48,119,120,16,255,89,12,26,0.462,99,10,17,0.588,127,23,13,624,0,27.13,82,36,712,0,19.78,119,282,149,11,1906,6.76,12.79,14,158.8,48,210,326,2599,22,7.97,12.38,216.6,25,69,540,45,118,12,41,0,3.42,118,21,267,1,12.71,109,53,14,16,17,47,0.887,122,36,14,5,7,26,0.722,98,524,2306,4.4,17,192.2,54,509,2057,4.04,15,171.4,111,17,97,1.42,88,44,42,0,1,20,0,368,30.7,121,29,21,0,0,8,1,221,18.4,61,60,24,245,72,6,124,167,51,0.305,98,342:36,28:33,103,7,9,16,11,11,22,-6,-0.5
South Carolina (SEC),12,4-8,96,862,4463,5.18,30,371.9,66,854,4719,5.53,32,37,393.3,102,85,128,19,232,37,97,127,22,246,81,13,27,0.481,9,5,14,0.357,115,16,37,384,0,24,74,21,425,0,20.24,74,466,268,7,2667,5.72,9.95,12,222.3,80,239,404,2823,23,6.99,11.81,235.3,72,79,656,54.67,16,11,146,0,13.27,124,18,249,2,13.83,48,37,7,11,12,30,0.811,105,34,13,4,9,26,0.765,66,450,1896,4.21,9,158,82,396,1796,4.54,18,149.7,72,24,152,2,53,37,35,1,0,18,0,313,26.1,104,31,29,0,0,18,0,269,22.4,61,63,18,271,72,6,120,184,59,0.321,117,324:17,27:01,43,5,12,17,7,7,14,3,0.25
South Fla. (AAC),12,4-8,112,773,3970,5.14,33,330.8,71,887,4777,5.39,42,45,398.1,125,104,80,16,200,91,154,93,27,274,95,7,16,0.438,83,10,18,0.556,57,32,16,650,1,20.31,72,30,609,0,20.3,116,328,177,10,2035,6.2,11.5,18,169.6,15,203,325,2274,15,7,11.2,189.5,125,101,854,71.17,56,15,125,0,8.33,92,39,362,0,9.28,4,43,16,6,7,29,0.674,88,39,12,12,7,31,0.795,114,562,2503,4.45,27,208.6,66,445,1935,4.35,15,161.3,47,29,184,2.42,75,45,42,1,0,11,0,347,28.9,115,33,31,0,0,7,0,250,20.8,5,86,26,333,99,8.3,75,177,69,0.39,109,334:07,27:50,32,12,12,24,9,10,19,5,0.42
Southern California (Pac-12),13,8-5,20,908,5920,6.52,53,455.4,78,928,5313,5.73,43,47,408.7,24,92,183,26,301,119,124,141,32,297,33,6,10,0.6,69,10,19,0.526,130,37,27,1102,2,29.78,56,40,844,1,21.1,6,514,365,15,4365,8.49,11.96,35,335.8,96,281,460,3200,24,6.96,11.39,246.2,117,90,877,67.46,95,20,112,0,5.6,33,10,57,0,5.7,90,49,15,15,12,42,0.857,66,55,14,20,12,46,0.836,72,468,2113,4.51,19,162.5,118,394,1555,3.95,18,119.6,28,35,222,2.69,78,47,44,1,0,18,0,382,29.4,35,54,54,0,0,14,1,422,32.5,51,64,34,315,81,6.2,21,169,77,0.456,93,375:23,28:52,119,7,9,16,11,15,26,-10,-0.77
Southern Miss. (C-USA),13,7-6,63,872,5291,6.07,37,407,37,803,4583,5.71,41,44,352.5,93,74,153,19,246,19,83,124,18,225,85,8,17,0.471,121,11,16,0.688,42,41,22,800,1,19.51,22,33,779,3,23.61,19,438,291,17,3764,8.59,12.93,20,289.5,82,217,366,3077,27,8.41,14.18,236.7,81,82,748,57.54,40,16,156,1,9.75,57,13,90,0,6.92,48,37,10,11,9,30,0.811,67,42,11,9,15,35,0.833,18,437,1506,3.45,14,115.8,121,434,1527,3.52,17,117.5,14,39,230,3,55,44,42,0,0,11,1,341,26.2,81,42,34,3,0,18,0,346,26.6,33,63,46,338,86,6.6,80,176,68,0.386,31,409:35,31:30,122,5,10,15,9,17,26,-11,-0.85
Stanford (Pac-12),12,4-8,97,790,4415,5.59,26,367.9,93,819,5163,6.3,44,45,430.3,99,70,143,24,237,91,102,153,19,274,126,4,13,0.308,111,10,16,0.625,72,25,26,525,0,21,21,32,770,0,24.06,37,444,276,8,3149,7.09,11.41,18,262.4,121,270,413,3354,27,8.12,12.42,279.5,40,75,585,48.75,74,13,93,1,7.15,70,11,88,0,8,86,48,13,19,9,41,0.854,37,34,7,9,14,30,0.882,58,406,1809,4.46,17,150.8,123,346,1266,3.66,8,105.5,55,28,197,2.33,79,45,43,0,0,15,0,358,29.8,108,29,27,1,0,19,0,260,21.7,70,61,20,286,71,5.9,72,166,65,0.392,19,386:14,32:11,75,4,8,12,5,8,13,-1,-0.08
Syracuse (ACC),12,5-7,71,909,4735,5.21,39,394.6,115,918,5569,6.07,47,47,464.1,98,99,117,23,239,105,119,137,27,283,110,11,28,0.393,11,7,19,0.368,116,19,43,460,0,24.21,96,34,649,0,19.09,60,408,250,7,2887,7.08,11.55,23,240.6,110,227,425,3150,21,7.41,13.88,262.5,128,107,887,73.92,51,16,137,0,8.56,5,10,17,0,1.7,47,42,17,11,6,34,0.81,110,46,11,13,11,35,0.761,109,493,2419,4.91,26,201.6,71,501,1848,3.69,16,154,40,30,172,2.5,88,47,42,1,0,14,0,368,30.7,69,41,39,0,0,18,0,339,28.3,48,55,40,287,75,6.3,88,205,78,0.38,84,351:50,29:19,13,12,13,25,9,7,16,9,0.75
TCU (Big 12),12,5-7,62,905,4892,5.41,38,407.7,27,769,4043,5.26,38,39,336.9,81,127,107,23,257,1,81,92,22,195,103,5,12,0.417,18,6,15,0.4,49,32,23,639,0,19.97,118,32,535,0,16.72,90,395,211,11,2444,6.19,11.58,15,203.7,27,199,360,2396,22,6.66,12.04,199.7,101,78,736,61.33,4,16,319,2,19.94,44,11,70,0,6.36,116,40,13,12,11,36,0.9,8,53,21,8,21,50,0.943,39,409,1647,4.03,16,137.3,29,510,2448,4.8,23,204,90,22,128,1.83,57,39,33,1,0,16,0,317,26.4,55,41,40,0,0,26,0,364,30.3,74,57,24,214,69,5.8,14,202,95,0.47,15,395:04,32:55,61,4,16,20,9,11,20,0,0
Temple (AAC),13,8-5,77,951,5096,5.36,42,392,54,996,4912,4.93,40,43,377.8,71,92,146,25,263,103,121,124,36,281,103,15,36,0.417,56,18,36,0.5,26,19,32,352,0,18.53,78,39,781,0,20.03,45,472,282,13,3312,7.02,11.74,26,254.8,50,242,455,2846,21,6.25,11.76,218.9,105,92,801,61.62,102,13,68,0,5.23,65,14,105,0,7.5,7,50,14,14,7,35,0.7,116,50,15,14,8,37,0.74,68,541,2066,3.82,19,158.9,98,479,1784,3.72,16,137.2,14,39,249,3,50,43,41,0,1,10,3,337,25.9,86,45,39,0,0,11,0,342,26.3,15,87,22,399,98,7.5,91,201,76,0.378,85,380:22,29:15,61,12,8,20,7,13,20,0,0
Tennessee (SEC),13,8-5,100,821,4752,5.79,32,365.5,23,868,4348,5.01,31,34,334.5,97,92,123,26,241,49,117,115,25,257,130,2,12,0.167,44,13,28,0.464,15,11,46,195,0,17.73,65,14,290,0,20.71,75,360,200,13,2878,7.99,14.39,19,221.4,16,216,375,2522,14,6.73,11.68,194,66,83,683,52.54,6,15,235,3,15.67,42,14,87,0,6.21,57,45,15,12,10,37,0.822,92,47,10,13,14,37,0.787,48,493,1826,3.7,17,140.5,87,461,1874,4.07,13,144.2,32,34,212,2.62,29,34,30,0,0,16,0,282,21.7,98,35,35,0,0,23,0,314,24.2,87,63,16,317,71,5.5,33,176,76,0.432,78,381:44,29:21,70,4,15,19,7,13,20,-1,-0.08
Texas (Big 12),13,8-5,14,950,6056,6.37,58,465.8,97,918,5609,6.11,41,42,431.5,11,130,170,25,325,115,100,164,28,292,118,7,19,0.368,18,8,20,0.4,98,21,51,472,1,22.48,13,18,450,1,25,20,470,306,10,3761,8,12.29,32,289.3,127,305,481,3803,28,7.91,12.47,292.5,120,95,890,68.46,48,17,155,0,9.12,12,9,30,0,3.33,104,51,12,17,16,45,0.882,12,50,22,17,7,46,0.92,45,437,1806,4.13,13,138.9,48,480,2295,4.78,26,176.5,69,27,147,2.08,65,42,38,2,0,21,0,357,27.5,17,59,56,2,1,14,0,458,35.2,41,72,22,282,83,6.4,7,184,90,0.489,42,400:06,30:46,33,7,12,19,4,10,14,5,0.38
Texas A&M (SEC),13,8-5,72,881,5128,5.82,46,394.5,29,842,4423,5.25,32,35,340.2,43,114,152,21,287,43,101,127,22,250,23,7,11,0.636,115,9,14,0.643,106,28,46,656,0,23.43,99,20,379,0,18.95,64,452,273,10,3060,6.77,11.21,22,235.4,41,232,425,2724,19,6.41,11.74,209.5,76,87,720,55.38,19,26,330,0,12.69,128,18,281,1,15.61,67,37,11,10,10,31,0.838,41,58,18,16,17,51,0.879,30,417,1699,4.07,13,130.7,68,429,2068,4.82,24,159.1,58,29,226,2.23,37,35,33,0,0,16,1,293,22.5,62,47,46,1,0,18,0,384,29.5,28,65,50,386,90,6.9,66,160,64,0.4,11,430:26,33:06,100,4,10,14,10,10,20,-6,-0.46
Texas St. (Sun Belt),12,3-9,121,768,3814,4.97,25,317.8,86,875,5005,5.72,49,51,417.1,122,63,118,22,203,55,134,104,21,259,126,4,13,0.308,101,9,15,0.6,78,31,14,658,0,21.23,26,39,899,0,23.05,58,441,278,20,2893,6.56,10.41,17,241.1,25,206,324,2391,24,7.38,11.61,199.3,60,66,617,51.42,59,15,124,0,8.27,52,19,129,0,6.79,30,57,21,16,8,45,0.789,113,29,7,6,9,22,0.759,120,551,2614,4.74,25,217.8,127,327,921,2.82,8,76.8,125,13,56,1.08,107,51,49,0,0,12,0,391,32.6,121,26,26,0,0,13,0,221,18.4,122,38,28,132,52,4.3,112,170,58,0.341,119,320:56,26:44,118,8,7,15,4,20,24,-9,-0.75
Texas Tech (Big 12),12,4-8,11,935,5691,6.09,44,474.3,127,874,5764,6.59,45,46,480.3,27,98,176,24,298,68,98,147,20,265,83,12,25,0.48,74,8,15,0.533,125,24,36,636,1,26.5,49,36,779,0,21.64,7,531,342,8,3896,7.34,11.39,24,324.7,128,247,403,3694,21,9.17,14.96,307.8,83,75,695,57.92,90,15,88,0,5.87,26,9,47,0,5.22,86,48,18,8,15,41,0.854,37,51,18,10,17,45,0.882,80,471,2070,4.39,24,172.5,83,404,1795,4.44,20,149.6,72,24,156,2,84,46,37,3,0,15,0,364,30.3,53,44,40,1,0,20,0,366,30.5,31,65,30,275,80,6.7,84,178,68,0.382,105,338:43,28:13,38,5,14,19,7,8,15,4,0.33
Toledo (MAC),12,6-6,36,856,5209,6.09,42,434.1,123,862,5708,6.62,50,50,475.7,74,126,116,19,261,95,119,135,23,277,45,18,31,0.581,33,10,23,0.435,91,23,31,505,0,21.96,62,46,957,0,20.8,85,339,193,7,2515,7.42,13.03,15,209.6,106,237,379,3087,19,8.15,13.03,257.3,54,67,608,50.67,68,20,154,0,7.7,73,17,139,0,8.18,78,46,23,6,10,39,0.848,104,48,20,11,6,37,0.771,121,483,2621,5.43,31,218.4,18,517,2694,5.21,27,224.5,118,15,101,1.25,102,50,46,2,0,12,0,386,32.2,75,42,38,2,0,11,0,327,27.3,74,50,38,236,69,5.8,90,171,65,0.38,65,360:42,30:03,113,4,7,11,12,7,19,-8,-0.67
Troy (Sun Belt),12,5-7,18,893,5475,6.13,49,456.3,99,840,5210,6.2,50,53,434.2,32,101,166,28,295,68,106,139,20,265,38,13,22,0.591,71,9,17,0.529,17,34,23,607,1,17.85,50,43,929,1,21.6,9,491,316,11,3758,7.65,11.89,30,313.2,118,262,394,3316,26,8.42,12.66,276.3,50,64,597,49.75,128,9,16,0,1.78,35,8,47,0,5.88,78,46,17,10,12,39,0.848,31,55,16,19,14,49,0.891,65,446,1894,4.25,24,157.8,90,402,1717,4.27,19,143.1,40,30,222,2.5,116,53,49,2,0,14,2,417,34.8,25,52,48,1,0,14,1,406,33.8,48,63,24,317,75,6.3,15,177,83,0.469,97,343:05,28:35,83,5,11,16,7,11,18,-2,-0.17
Tulane (AAC),13,7-6,22,948,5841,6.16,52,449.3,51,892,4901,5.49,41,43,377,26,166,117,16,299,43,109,120,21,250,41,20,34,0.588,77,14,26,0.538,58,25,38,508,0,20.32,23,42,980,1,23.33,89,336,197,10,2679,7.97,13.6,19,206.1,54,228,422,2869,23,6.8,12.58,220.7,118,103,883,67.92,39,17,168,0,9.88,113,11,134,0,12.18,53,49,13,12,15,40,0.816,27,49,26,9,9,44,0.898,62,470,2032,4.32,18,156.3,11,612,3162,5.17,33,243.2,102,21,119,1.62,56,43,36,0,0,16,0,342,26.3,30,56,55,0,0,13,0,430,33.1,85,62,20,259,72,5.5,78,180,70,0.389,47,397:52,30:36,78,4,12,16,8,10,18,-2,-0.15
Tulsa (AAC),12,4-8,53,947,5036,5.32,38,419.7,70,835,4737,5.67,43,48,394.8,71,103,135,25,263,26,103,99,31,233,51,13,23,0.565,117,21,31,0.677,54,49,9,985,1,20.1,98,26,495,0,19.04,30,444,254,9,3376,7.6,13.29,20,281.3,42,191,339,2516,14,7.42,13.17,209.7,130,109,949,79.08,114,14,58,0,4.14,86,23,208,0,9.04,22,43,19,4,10,33,0.767,80,49,16,10,14,40,0.816,90,496,2221,4.48,29,185.1,95,503,1660,3.3,18,138.3,122,14,97,1.17,92,48,44,0,0,14,1,376,31.3,84,39,38,0,0,15,0,317,26.4,103,46,30,201,61,5.1,37,205,88,0.429,46,367:51,30:39,75,13,5,18,10,9,19,-1,-0.08
UAB (C-USA),14,9-5,105,896,4926,5.5,36,351.9,8,897,4226,4.71,35,38,301.9,87,109,120,22,251,33,88,101,51,240,106,8,20,0.4,25,12,29,0.414,107,16,52,376,0,23.5,97,28,534,1,19.07,94,338,192,20,2815,8.33,14.66,20,201.1,8,217,420,2571,22,6.12,11.85,183.6,124,101,992,70.86,119,13,44,0,3.38,34,19,109,1,5.74,60,46,10,19,9,38,0.826,78,44,15,6,15,36,0.818,20,477,1655,3.47,13,118.2,76,558,2111,3.78,16,150.8,11,44,253,3.14,28,38,33,1,0,13,0,302,21.6,102,38,37,0,0,19,1,324,23.1,14,83,46,404,106,7.6,121,182,57,0.313,30,442:37,31:36,109,13,7,20,8,20,28,-8,-0.57
UCF (AAC),13,10-3,2,1016,7026,6.92,70,540.5,32,985,4499,4.57,31,36,346.1,8,154,143,36,333,63,111,120,31,262,47,19,33,0.576,114,16,25,0.64,99,33,52,743,1,22.52,110,17,302,0,17.76,8,457,271,8,4117,9.01,15.19,36,316.7,26,230,439,2593,17,5.91,11.27,199.5,126,111,952,73.23,33,27,293,1,10.85,122,10,137,1,13.7,65,43,12,12,12,36,0.837,90,57,20,13,12,45,0.789,53,546,1906,3.49,14,146.6,19,559,2909,5.2,34,223.8,37,33,231,2.54,41,36,31,2,0,16,0,299,23,5,74,71,1,0,15,1,564,43.4,1,89,56,436,117,9,61,200,81,0.405,123,344:14,26:28,27,8,13,21,7,8,15,6,0.46
UCLA (Pac-12),12,4-8,65,916,4868,5.31,40,405.7,113,816,5475,6.71,53,55,456.3,64,111,137,21,269,65,88,156,19,263,91,13,29,0.448,23,7,17,0.412,80,8,53,171,0,21.38,42,19,416,1,21.89,42,426,260,12,3066,7.2,11.79,22,255.5,129,269,405,3729,32,9.21,13.86,310.8,75,81,663,55.25,2,8,180,1,22.5,100,13,138,1,10.62,78,46,18,13,8,39,0.848,99,49,15,17,6,38,0.776,52,411,1746,4.25,21,145.5,81,490,1802,3.68,18,150.2,62,26,153,2.17,116,55,52,1,0,11,0,417,34.8,80,42,40,2,0,8,0,320,26.7,61,56,32,241,72,6,43,183,77,0.421,54,364:22,30:21,113,9,5,14,10,12,22,-8,-0.67
UConn (AAC),12,2-10,108,810,4136,5.11,27,344.7,116,800,5602,7,62,67,466.8,108,91,110,23,224,110,130,126,28,284,106,10,25,0.4,18,6,15,0.4,119,30,12,736,0,24.53,73,39,790,0,20.26,81,382,228,15,2592,6.79,11.37,14,216,93,219,343,2919,28,8.51,13.33,243.3,61,74,618,51.5,23,9,107,0,11.89,25,21,108,0,5.14,126,53,27,18,4,49,0.925,103,35,12,9,6,27,0.771,123,457,2683,5.87,34,223.6,108,428,1544,3.61,13,128.7,106,19,132,1.58,128,67,66,0,0,6,0,486,40.5,120,28,27,1,0,10,0,227,18.9,129,29,36,201,47,3.9,127,163,48,0.294,17,391:27,32:37,113,7,7,14,7,15,22,-8,-0.67
UNLV (Mountain West),12,4-8,92,831,4492,5.41,37,374.3,105,848,5308,6.26,44,49,442.3,102,112,98,22,232,58,106,137,18,261,76,17,33,0.515,30,9,21,0.429,75,33,12,695,1,21.06,117,27,454,0,16.81,88,388,208,12,2474,6.38,11.89,20,206.2,104,245,413,3074,16,7.44,12.55,256.2,23,65,536,44.67,126,20,49,0,2.45,106,43,482,1,11.21,43,52,26,5,11,42,0.808,42,33,12,11,6,29,0.879,92,435,2234,5.14,28,186.2,58,443,2018,4.56,17,168.2,126,12,81,1,108,49,44,1,0,18,1,396,33,97,37,35,0,0,11,0,290,24.2,109,49,22,200,60,5,128,168,48,0.286,69,360:14,30:01,93,5,9,14,6,12,18,-4,-0.33
Utah (Pac-12),14,11-3,48,912,6006,6.59,54,429,2,813,3769,4.64,25,25,269.2,24,147,125,29,301,6,71,116,21,208,94,11,25,0.44,82,12,22,0.545,31,33,41,630,0,19.09,111,10,176,0,17.6,69,321,233,4,3187,9.93,13.68,20,227.6,13,247,436,2624,16,6.02,10.62,187.4,103,103,862,61.57,44,26,249,1,9.58,115,11,135,0,12.27,15,31,6,8,9,23,0.742,57,55,29,8,10,47,0.855,3,377,1145,3.04,9,81.8,32,591,2819,4.77,34,201.4,53,33,240,2.36,6,25,23,1,0,11,1,210,15,38,60,57,1,0,11,0,452,32.3,72,64,34,369,81,5.8,17,175,81,0.463,3,480:36,34:19,17,8,14,22,9,4,13,9,0.64
Utah St. (Mountain West),13,7-6,44,965,5607,5.81,40,431.3,103,1016,5727,5.64,49,53,440.5,39,114,156,19,289,123,148,138,18,304,122,3,9,0.333,5,6,18,0.333,101,30,38,679,0,22.63,41,34,745,2,21.91,31,504,315,18,3628,7.2,11.52,22,279.1,86,241,405,3102,20,7.66,12.87,238.6,35,74,615,47.31,26,12,138,1,11.5,103,19,207,1,10.89,93,58,29,14,7,50,0.862,119,49,12,11,13,36,0.735,110,611,2625,4.3,29,201.9,73,461,1979,4.29,18,152.2,87,24,195,1.85,90,53,49,1,0,10,0,399,30.7,63,45,45,0,0,21,1,380,29.2,91,55,30,314,70,5.4,38,197,84,0.426,130,324:53,24:59,78,13,11,24,8,18,26,-2,-0.15
UTEP (C-USA),12,1-11,116,768,3950,5.14,27,329.2,95,765,5170,6.76,52,54,430.8,117,95,104,16,215,43,106,128,16,250,7,18,25,0.72,130,9,10,0.9,47,21,25,419,0,19.95,71,31,630,1,20.32,104,330,177,8,2292,6.95,12.95,9,191,70,218,334,2755,27,8.25,12.64,229.6,102,80,738,61.5,107,18,88,0,4.89,19,13,56,0,4.31,120,54,20,18,11,49,0.907,61,38,16,5,11,32,0.842,108,431,2415,5.6,25,201.3,96,438,1658,3.79,18,138.2,126,12,66,1,119,54,47,1,0,18,2,431,35.9,119,29,22,0,0,13,0,235,19.6,130,31,16,125,39,3.3,106,162,57,0.352,21,385:26,32:07,93,5,5,10,6,8,14,-4,-0.33
UTSA (C-USA),12,4-8,107,819,4139,5.05,28,344.9,92,790,5149,6.52,49,51,429.1,114,101,99,16,216,80,112,133,26,271,59,17,31,0.548,69,10,19,0.526,37,23,20,446,0,19.39,58,31,652,0,21.03,106,366,213,11,2189,5.98,10.28,13,182.4,73,215,339,2770,21,8.17,12.88,230.8,121,89,829,69.08,127,24,52,0,2.17,104,14,154,1,11,108,52,18,12,16,46,0.885,74,34,12,9,7,28,0.824,105,451,2379,5.27,28,198.3,64,453,1950,4.3,15,162.5,62,26,146,2.17,112,51,47,0,0,18,0,407,33.9,117,31,25,3,0,9,0,244,20.3,6,84,24,344,96,8,100,182,66,0.363,82,351:59,29:19,103,11,6,17,12,11,23,-6,-0.5
Vanderbilt (SEC),12,3-9,123,744,3592,4.83,21,299.3,101,798,5239,6.57,48,50,436.6,126,87,81,24,192,66,131,109,24,264,113,8,21,0.381,30,6,14,0.429,83,13,26,279,0,21.46,106,23,423,0,18.39,115,381,202,10,2064,5.42,10.22,10,172,66,200,325,2734,23,8.41,13.67,227.8,71,76,649,54.08,46,17,158,0,9.29,46,26,166,1,6.38,39,46,16,14,7,37,0.804,124,21,7,4,4,15,0.714,115,473,2505,5.3,25,208.8,111,363,1528,4.21,11,127.3,100,20,132,1.67,95,50,49,1,0,10,0,381,31.8,125,24,22,1,0,10,0,198,16.5,74,52,34,258,69,5.8,126,166,49,0.295,87,350:01,29:10,83,5,6,11,3,10,13,-2,-0.17
Virginia (ACC),14,9-5,81,962,5445,5.66,51,388.9,48,906,5206,5.75,46,48,371.9,31,89,180,27,296,71,117,125,24,266,55,9,16,0.563,63,13,25,0.52,121,20,58,498,0,24.9,2,42,1204,2,28.67,33,520,337,15,3748,7.21,11.12,23,267.7,78,231,409,3272,23,8,14.16,233.7,19,66,612,43.71,88,26,158,0,6.08,119,10,129,0,12.9,70,44,17,10,10,37,0.841,48,69,25,18,17,60,0.87,40,497,1934,3.89,23,138.1,117,442,1697,3.84,28,121.2,9,46,304,3.29,62,48,47,0,0,15,0,380,27.1,40,56,51,1,0,20,0,449,32.1,22,76,46,440,99,7.1,22,203,92,0.453,12,462:48,33:03,85,6,12,18,6,15,21,-3,-0.21
Virginia Tech (ACC),13,8-5,86,883,5007,5.67,46,385.2,42,898,4723,5.26,39,41,363.3,75,125,108,26,259,27,92,117,25,234,11,9,13,0.692,92,17,30,0.567,25,19,49,346,0,18.21,89,28,540,0,19.29,86,318,185,8,2718,8.55,14.69,24,209.1,63,238,441,2912,21,6.6,12.24,224,33,69,606,46.62,42,25,242,0,9.68,77,18,155,0,8.61,14,42,10,13,8,31,0.738,7,55,18,19,15,52,0.945,46,457,1811,3.96,18,139.3,49,565,2289,4.05,22,176.1,17,38,272,2.92,46,41,35,2,0,12,0,321,24.7,49,49,48,1,0,19,0,401,30.8,41,58,50,394,83,6.4,81,179,69,0.385,41,400:41,30:49,90,5,14,19,15,8,23,-4,-0.31
Wake Forest (ACC),13,8-5,15,1055,6032,5.72,49,464,84,936,5414,5.78,42,47,416.5,20,121,164,22,307,85,109,149,14,272,105,7,17,0.412,111,15,24,0.625,122,41,16,1039,3,25.34,90,22,424,0,19.27,24,469,282,13,3748,7.99,13.29,31,288.3,101,270,434,3286,26,7.57,12.17,252.8,5,57,460,35.38,61,26,211,0,8.12,129,20,313,0,15.65,71,51,15,15,13,43,0.843,44,57,16,15,19,50,0.877,74,502,2128,4.24,16,163.7,50,586,2284,3.9,18,175.7,49,31,157,2.38,76,47,43,1,0,17,0,378,29.1,42,49,48,0,0,24,0,414,31.8,30,65,44,293,87,6.7,13,229,108,0.472,58,394:05,30:18,19,11,14,25,4,13,17,8,0.62
Washington (Pac-12),13,8-5,79,872,5086,5.83,48,391.2,35,887,4532,5.11,28,30,348.6,70,109,139,16,264,55,106,130,23,259,8,23,32,0.719,107,14,23,0.609,48,29,44,579,0,19.97,30,17,388,0,22.82,57,411,263,8,3164,7.7,12.03,24,243.4,56,288,456,2889,13,6.34,10.03,222.2,48,79,639,49.15,35,25,268,1,10.72,22,9,44,0,4.89,32,43,14,7,13,34,0.791,19,54,19,14,16,49,0.907,28,431,1643,3.81,15,126.4,84,461,1922,4.17,24,147.8,58,29,217,2.23,15,30,27,0,0,15,0,252,19.4,41,51,49,1,0,19,1,416,32,87,55,32,320,71,5.5,102,171,61,0.357,64,391:30,30:06,19,9,13,22,6,8,14,8,0.62
Washington St. (Pac-12),13,6-7,7,920,6568,7.14,62,505.2,111,886,5882,6.64,50,53,452.5,7,54,258,23,335,119,131,139,27,297,38,13,22,0.591,89,13,23,0.565,38,26,54,506,1,19.46,54,40,858,0,21.45,1,710,505,16,5683,8,11.25,50,437.2,114,250,398,3471,23,8.72,13.88,267,98,85,794,61.08,5,6,97,0,16.17,125,8,116,1,14.5,86,48,22,11,8,41,0.854,52,71,10,35,16,61,0.859,91,488,2411,4.94,27,185.5,129,210,885,4.21,12,68.1,92,23,146,1.77,93,53,46,4,0,12,0,408,31.4,11,62,55,1,1,20,0,491,37.8,96,52,32,238,68,5.2,39,141,60,0.426,80,381:23,29:20,100,9,10,19,9,16,25,-6,-0.46
West Virginia (Big 12),12,5-7,119,788,3863,4.9,28,321.9,74,874,4792,5.48,40,43,399.3,118,62,129,21,212,80,122,130,19,271,68,10,19,0.526,101,12,20,0.6,9,22,21,380,0,17.27,67,32,656,1,20.5,54,454,289,15,2984,6.57,10.33,21,248.7,88,233,372,2879,20,7.74,12.36,239.9,46,71,587,48.92,111,12,55,0,4.58,43,16,100,2,6.25,114,47,18,12,12,42,0.894,118,34,5,11,9,25,0.735,69,502,1913,3.81,20,159.4,128,334,879,2.63,7,73.3,25,33,222,2.75,73,43,43,0,0,15,0,346,28.8,116,30,28,0,0,13,0,247,20.6,35,63,32,339,79,6.6,109,179,62,0.346,101,340:23,28:21,103,6,8,14,5,15,20,-6,-0.5
Western Ky. (C-USA),13,9-4,84,900,5041,5.6,38,387.8,24,835,4361,5.22,28,32,335.5,67,92,154,21,267,15,103,99,22,224,33,15,25,0.6,56,18,36,0.5,28,28,33,525,0,18.75,92,35,671,0,19.17,40,469,313,12,3371,7.19,10.77,20,259.3,28,193,362,2599,17,7.18,13.47,199.9,11,53,514,39.54,115,16,65,0,4.06,56,19,130,0,6.84,19,33,8,8,9,25,0.758,95,50,14,12,13,39,0.78,34,473,1762,3.73,11,135.5,109,431,1670,3.87,18,128.5,72,26,193,2,22,32,28,1,0,13,0,261,20.1,91,40,39,0,0,17,0,330,25.4,94,55,28,303,69,5.3,54,183,75,0.41,23,416:03,32:00,100,4,11,15,9,12,21,-6,-0.46
Western Mich. (MAC),13,7-6,25,916,5794,6.33,56,445.7,87,932,5456,5.85,39,40,419.7,39,133,132,24,289,116,117,153,23,293,48,16,28,0.571,15,8,21,0.381,61,42,15,857,1,20.4,17,36,882,0,24.5,59,413,246,8,3128,7.57,12.72,21,240.6,85,290,434,3095,21,7.13,10.67,238.1,85,82,759,58.38,121,14,47,0,3.36,75,18,154,0,8.56,52,54,16,13,15,44,0.815,85,55,22,12,10,44,0.8,89,498,2361,4.74,18,181.6,28,503,2666,5.3,35,205.1,21,36,223,2.77,50,40,35,1,0,20,0,337,25.9,30,58,52,0,0,10,0,430,33.1,36,63,44,332,85,6.5,23,190,86,0.453,55,394:39,30:21,19,9,13,22,6,8,14,8,0.62
Wisconsin (Big Ten),14,10-4,38,963,6065,6.3,56,433.2,4,839,4020,4.79,29,30,287.1,13,174,134,12,320,23,78,121,28,227,3,18,23,0.783,37,12,27,0.444,6,16,69,272,0,17,3,27,766,2,28.37,96,351,246,5,2802,7.98,11.39,18,200.1,12,214,415,2623,18,6.32,12.26,187.4,28,69,636,45.43,62,32,259,0,8.09,58,15,104,0,6.93,11,36,9,11,6,26,0.722,47,54,27,9,11,47,0.87,6,424,1397,3.29,11,99.8,15,612,3263,5.33,38,233.1,5,51,361,3.64,10,30,25,1,0,10,0,237,16.9,23,62,61,0,0,14,1,477,34.1,38,81,20,444,91,6.5,9,189,91,0.481,1,498:48,35:37,61,10,12,22,17,5,22,0,0
Wyoming (Mountain West),13,8-5,106,831,4562,5.49,38,350.9,43,941,4729,5.03,25,25,363.8,105,128,82,21,231,71,90,154,22,266,77,6,12,0.5,52,12,25,0.48,50,17,44,340,0,20,4,11,305,0,27.73,123,256,120,9,1770,6.91,14.75,11,136.2,105,266,464,3337,15,7.19,12.55,256.7,43,67,634,48.77,34,34,366,0,10.76,59,21,146,0,6.95,6,45,10,6,15,31,0.689,75,45,21,5,11,37,0.822,11,477,1392,2.92,10,107.1,23,575,2792,4.86,27,214.8,49,31,220,2.38,11,25,24,0,0,19,0,231,17.8,91,41,37,1,0,15,0,330,25.4,41,60,46,334,83,6.4,32,187,81,0.433,48,397:45,30:35,33,8,12,20,6,9,15,5,0.38
